编号,所属类型,所属板块,所属政党,内容
0_0_99_001,政策,市场,通用,更改仓储容量，消耗：金钱 | 正面效果：调整国家战略商品仓储容量上限 | 副作用/风险：无
0_0_99_002,政策,市场,通用,更改仓储每期买入和卖出量，消耗：金钱 | 正面效果：设置仓储每期自动买入/卖出数量阈值 | 副作用/风险：市场波动可能影响收益
0_0_99_003,政策,市场,通用,设定进口配额，消耗：金钱、声量 | 正面效果：限制特定商品进口数量、保护国内产业 | 副作用/风险：贸易量下降、外交关系影响
0_0_99_004,政策,市场,通用,设定贸易配额，消耗：金钱、声量 | 正面效果：限制特定商品贸易总量、维护市场稳定 | 副作用/风险：市场效率下降、贸易伙伴不满
0_0_99_005,政策,市场,通用,强制定价，消耗：权威 | 正面效果：强制设定特定商品价格、稳定市场 | 副作用/风险：市场扭曲、供需失衡、黑市风险
0_1_99_001,政策,产业,通用,建造排期，消耗：金钱、时间 | 正面效果：规划产业建造顺序与时间、提升效率 | 副作用/风险：建造周期固定、灵活性下降
0_2_0_001,政策,军事,威权,国家动员令，消耗：权威、大量金钱 | 正面效果：大幅加快动员速度、增强军权 | 副作用/风险：激进派上升、经济产出下降
0_2_0_002,政策,军事,威权,战争经济启动，消耗：大量权威、声量 | 正面效果：大幅提升军工产能、增强动员效率 | 副作用/风险：消费品短缺严重、平民激进化严重
0_2_0_003,政策,军事,威权,军官团整编，消耗：权威 | 正面效果：增强军队忠诚、提升军事效率 | 副作用/风险：军权集中风险、军官激进化
0_2_0_004,政策,军事,威权,预备役征召，消耗：金钱 | 正面效果：大幅快速增加兵源、加快动员速度 | 副作用/风险：训练质量下降
0_2_0_005,政策,军事,威权,军事管制令，消耗：权威 | 正面效果：大幅降低动乱、大幅削弱激进派 | 副作用/风险：民权下降严重、民主声量激进化严重
0_2_0_006,政策,军事,威权,宵禁强制，消耗：权威、少量金钱 | 正面效果：降低动乱、增强夜间稳定 | 副作用/风险：商业活动下降
0_2_0_007,政策,军事,威权,边境封锁，消耗：权威 | 正面效果：大幅增强边境稳定、大幅减少非法移民 | 副作用/风险：贸易下降、外交恶名上升
0_8_0_001,政策,情报,威权,秘密行动授权，消耗：权威、威望 | 正面效果：大幅增强情报效率、提升渗透成功率 | 副作用/风险：外交风险、曝光后恶名上升严重
0_2_0_008,政策,军事,威权,军官晋升考核，消耗：金钱 | 正面效果：提升军队效率、增强军官忠诚 | 副作用/风险：考核周期延迟晋升
0_2_0_009,政策,军事,威权,军官团清洗，消耗：大量权威 | 正面效果：大幅增强军队绝对忠诚 | 副作用/风险：军事效率下降严重、政变风险激增
0_2_0_010,政策,军事,威权,军官特权授予，消耗：权威 | 正面效果：增加军官阶层支持 | 副作用/风险：贵族阶层激进化
0_3_0_001,政策,内政,威权,国家媒体广播，消耗：金钱、少量声量 | 正面效果：增强民族主义声量 | 副作用/风险：媒体成本持续消耗
0_5_0_001,政策,社会,威权,爱国主义宣传，消耗：声量 | 正面效果：大幅增强民族凝聚力、提升扩张主义声量 | 副作用/风险：知识分子激进化
0_5_0_002,政策,社会,威权,国家英雄塑造，消耗：权威、威望 | 正面效果：大幅增强军队忠诚、大幅提升民族主义声量 | 副作用/风险：领袖崇拜风险、知识分子反对严重
0_5_0_003,政策,社会,威权,反敌宣传运动，消耗：声量、权威 | 正面效果：大幅增强对敌国民意抵制、提升动员意愿 | 副作用/风险：外交恶名上升
0_3_0_002,政策,内政,威权,媒体审查令，消耗：权威 | 正面效果：大幅增强舆论控制、削弱激进派 | 副作用/风险：知识分子声量激进化极严重
0_8_0_002,政策,情报,威权,异见分子监控，消耗：权威、金钱 | 正面效果：大幅增强激进派情报 | 副作用/风险：司法成本上升严重、民权下降
0_3_0_003,政策,内政,威权,出版管制，消耗：权威 | 正面效果：大幅增强舆论稳定 | 副作用/风险：文化产出下降严重、知识分子反对严重
0_3_0_004,政策,内政,威权,网络管控，消耗：权威、金钱 | 正面效果：大幅增强信息控制 | 副作用/风险：技术发展下降
0_5_0_004,政策,社会,威权,国家主义教育改革，消耗：金钱、声量 | 正面效果：大幅增强青年忠诚、提升民族主义声量 | 副作用/风险：创新思维下降严重
0_2_0_011,政策,军事,威权,军校扩招，消耗：金钱 | 正面效果：大幅增加军官储备、提升军队声量 | 副作用/风险：民用人才流失严重
0_5_0_005,政策,社会,威权,爱国主义课程，消耗：声量 | 正面效果：大幅增强学生民族主义倾向 | 副作用/风险：知识分子阶层反对严重
0_1_0_001,政策,产业,威权,国家控股令，消耗：权威、大量金钱 | 正面效果：大幅增强关键产业控制、提升军工效率 | 副作用/风险：市场效率下降严重、资本家激进化严重
0_1_0_002,政策,产业,威权,战略产业征用，消耗：大量权威 | 正面效果：大幅提升军工产能、增强国家控制 | 副作用/风险：资本家叛乱风险极严重、经济稳定下降
0_4_0_001,政策,国库财政,威权,产业补贴计划，消耗：大量金钱 | 正面效果：大幅增加目标产业产出 | 副作用/风险：财政赤字上升严重
0_0_0_001,政策,市场,威权,国家垄断建立，消耗：权威 | 正面效果：增加国家收入、增强控制力 | 副作用/风险：市场活力下降严重、小资产阶级激进化严重
0_4_0_002,政策,国库财政,威权,高税率强制征收，消耗：权威 | 正面效果：大幅增加国家收入 | 副作用/风险：资产阶级激进化极严重、经济活力下降严重
0_5_0_006,政策,社会,威权,国家调节分配，消耗：权威、声量 | 正面效果：增强社会稳定、增加底层支持 | 副作用/风险：行政成本上升
0_4_0_003,政策,国库财政,威权,军费优先拨款，消耗：权威、金钱 | 正面效果：提升军事效率、增强军队忠诚 | 副作用/风险：消费品短缺严重、民用产业受损严重
0_5_0_007,政策,社会,威权,特殊阶层补贴，消耗：权威 | 正面效果：增加目标阶层支持 | 副作用/风险：其他阶层激进化严重
0_1_0_003,政策,产业,威权,国家劳动力调配，消耗：权威 | 正面效果：大幅增加战略产业劳动力 | 副作用/风险：工人不满严重、自由度下降严重
0_1_0_004,政策,产业,威权,军工劳动力征调，消耗：权威 | 正面效果：提升军工产出严重 | 副作用/风险：消费品产业受损严重、工人激进化严重
0_1_0_005,政策,产业,威权,劳动力户籍限制，消耗：权威 | 正面效果：增强劳动力控制、提升稳定 | 副作用/风险：流动性下降严重、效率下降
0_0_0_002,政策,市场,威权,扩大商品存储上限，消耗：权威、金钱 | 正面效果：扩大战略商品存储上限、增强物资储备 | 副作用/风险：存在失败率；失败导致政局动荡或激进派上升
0_4_0_004,政策,国库财政,威权,产业亏损补贴，消耗：大量金钱、权威 | 正面效果：设定阈值自动触发国家财政补贴、稳定关键产业 | 副作用/风险：财政赤字上升严重、市场效率下降
0_0_0_003,政策,市场,威权,国家投行化，消耗：大量权威、金钱 | 正面效果：国家直接注资银行业、提升信贷额度与投资速度 | 副作用/风险：市场活力下降严重、资本家激进化
0_0_0_004,政策,市场,威权,信贷优先级干预，消耗：权威 | 正面效果：设置银行业投资偏好（优先军工/重工业） | 副作用/风险：消费品产业信贷短缺、民用产业受损
0_2_0_012,政策,军事,威权,军工价格折扣政策，消耗：权威、金钱 | 正面效果：降低国家购买武器单价、节省军费开支 | 副作用/风险：军工厂商利润削减、厂商可能缩减规模
0_0_0_005,政策,市场,威权,战略储备市场管理，消耗：权威、金钱 | 正面效果：投入市场：供<求时释放缺口赚取利润；直接丢弃：快速销毁库存腾挪仓储 | 副作用/风险：投入市场可能引发价格波动；丢弃可能人为制造稀缺引发激进化
0_7_0_001,政策,外交,威权,强权外交声明，消耗：威望、权威 | 正面效果：扩展势力范围、大幅增强外交威慑 | 副作用/风险：外交恶名上升严重、对手敌意上升严重
0_7_0_002,政策,外交,威权,军事同盟建立，消耗：威望 | 正面效果：提升同盟军事效率、获得外交支持 | 副作用/风险：同盟义务、资源消耗
0_7_0_003,政策,外交,威权,势力范围声明，消耗：权威、威望 | 正面效果：大幅增强区域控制、提升外交主导 | 副作用/风险：外交冲突风险极严重
0_7_0_004,政策,外交,威权,不结盟声明，消耗：声量 | 正面效果：增强外交灵活性、降低恶名 | 副作用/风险：同盟支持下降
0_8_0_003,政策,情报,威权,国家情报渗透，消耗：权威、金钱 | 正面效果：大幅增强目标国情报、提升渗透成功率 | 副作用/风险：曝光风险严重、恶名上升严重
0_8_0_004,政策,情报,威权,政变支持，消耗：权威、威望 | 正面效果：大幅提高目标国政权变更概率 | 副作用/风险：曝光后恶名极严重、外交冲突风险严重
0_8_0_005,政策,情报,威权,渗透网络建立，消耗：金钱、权威 | 正面效果：增强长期情报优势 | 副作用/风险：维护成本持续消耗
0_8_0_006,政策,情报,威权,技术窃取行动，消耗：权威、金钱 | 正面效果：提高目标技术获取概率 | 副作用/风险：曝光风险严重、外交冲突
0_7_0_005,政策,外交,威权,傀儡国建立，消耗：权威、威望 | 正面效果：增加傀儡国收入、大幅增强控制 | 副作用/风险：管理成本上升严重、傀儡叛乱风险
0_7_0_006,政策,外交,威权,从属国条约，消耗：威望 | 正面效果：大幅增强从属国外交支持 | 副作用/风险：从属国自治要求
0_7_0_007,政策,外交,威权,势力范围傀儡，消耗：权威、声量 | 正面效果：增强傀儡稳定性 | 副作用/风险：傀儡激进化风险
0_6_0_001,政策,科技,威权,国家需求导向科研，消耗：权威、金钱 | 正面效果：大幅增强国家需求领域科研 | 副作用/风险：其他领域科研滞后严重
0_6_0_002,政策,科技,威权,军工科研优先，消耗：权威、金钱 | 正面效果：大幅增强军事科技、提升军工效率 | 副作用/风险：消费品科研滞后严重、创新下降严重
0_6_0_003,政策,科技,威权,技术引进计划，消耗：大量金钱、威望 | 正面效果：大幅获取技术、缩短科研周期 | 副作用/风险：依赖外部严重、自主创新下降严重
0_6_0_004,政策,科技,威权,国家科研集中，消耗：权威、大量金钱 | 正面效果：提升科研效率、增强国家控制 | 副作用/风险：市场创新活力下降严重
0_6_0_005,政策,科技,威权,科研军事化，消耗：权威 | 正面效果：大幅增强军事科研、提升保密性 | 副作用/风险：学术自由下降严重、知识分子激进化严重
0_6_0_006,政策,科技,威权,国家实验室建设，消耗：大量金钱、权威 | 正面效果：提升科研产出、增加国家专利 | 副作用/风险：财政成本消耗极高
0_6_0_007,政策,科技,威权,国家考试选拔，消耗：金钱 | 正面效果：提升人才效率、增强公平性 | 副作用/风险：选拔周期延迟
0_6_0_008,政策,科技,威权,军官技术培训，消耗：权威、金钱 | 正面效果：增加军事技术人才 | 副作用/风险：民用人才流失严重
0_6_0_009,政策,科技,威权,忠诚度审查筛选，消耗：权威 | 正面效果：增加人才忠诚、增强安全 | 副作用/风险：人才数量下降、创新下降严重
0_5_0_008,政策,社会,威权,国家迁移控制，消耗：权威 | 正面效果：大幅增强人口控制、提升稳定 | 副作用/风险：流动性下降严重、效率下降严重
0_5_0_009,政策,社会,威权,强制迁移令，消耗：权威、金钱 | 正面效果：大幅增加战略区域人口 | 副作用/风险：迁移反抗严重、激进化严重
0_5_0_010,政策,社会,威权,边境人口限制，消耗：权威 | 正面效果：增强边境稳定 | 副作用/风险：贸易下降严重、经济活力下降严重
0_5_0_011,政策,社会,威权,战略区人口征调，消耗：权威、声量 | 正面效果：增加战略区劳动力 | 副作用/风险：其他区域受损严重、反抗严重
0_5_0_012,政策,社会,威权,限制移民法令，消耗：权威 | 正面效果：增强国内稳定、降低外来激进化 | 副作用/风险：劳动力短缺严重、经济活力下降严重
0_5_0_013,政策,社会,威权,技术移民优先，消耗：权威、金钱 | 正面效果：增加技术人才、提升科研效率 | 副作用/风险：其他移民反对严重
0_5_0_014,政策,社会,威权,民族优先移民，消耗：声量、权威 | 正面效果：增强民族凝聚力 | 副作用/风险：外交恶名上升严重、多元文化反对严重
0_5_0_015,政策,社会,威权,国家荣誉称号授予，消耗：威望、权威 | 正面效果：增加目标忠诚、提升声量 | 副作用/风险：其他阶层羡慕激进化
0_2_0_013,政策,军事,威权,军官团授勋，消耗：权威、声量 | 正面效果：大幅增强军队忠诚、提升军队声量 | 副作用/风险：贵族阶层反对严重
0_5_0_016,政策,社会,威权,国家功勋勋章，消耗：威望 | 正面效果：大幅增强功勋人员忠诚、增强激励效应 | 副作用/风险：持续授予成本消耗
0_5_0_017,政策,社会,威权,国家福利计划，消耗：金钱、声量 | 正面效果：增加底层支持、降低激进度 | 副作用/风险：财政赤字严重、资产阶级反对严重
0_2_0_014,政策,军事,威权,军人福利优先，消耗：权威、金钱 | 正面效果：大幅增强军队忠诚、提升军队稳定 | 副作用/风险：其他阶层不满严重
0_5_0_018,政策,社会,威权,国家保险建立，消耗：金钱、声量 | 正面效果：增强社会稳定、降低激进度 | 副作用/风险：财政持续支出严重
0_5_0_019,政策,社会,威权,有限公民权法案，消耗：权威 | 正面效果：增强稳定、提升控制 | 副作用/风险：民主声量激进化严重
0_5_0_020,政策,社会,威权,公民权限制令，消耗：权威 | 正面效果：大幅增强控制力、提升稳定 | 副作用/风险：激进派激进化极严重
0_5_0_021,政策,社会,威权,特权阶层公民权，消耗：权威 | 正面效果：增加特权阶层忠诚 | 副作用/风险：其他阶层激进化严重
0_2_1_001,政策,军事,民主,国防动员投票，消耗：声量、金钱 | 正面效果：获得民主授权动员、增强军队忠诚 | 副作用/风险：国会辩论周期、决策延迟
0_2_1_002,政策,军事,民主,民兵征召法案，消耗：声量、金钱 | 正面效果：快速动员、降低成本 | 副作用/风险：训练质量下降、职业军人反对
0_2_1_003,政策,军事,民主,预备役激活，消耗：金钱 | 正面效果：大幅增加兵源、加快动员速度 | 副作用/风险：预备役训练滞后
0_2_1_004,政策,军事,民主,战时特别授权，消耗：声量、权威 | 正面效果：提升军事效率、加快决策速度 | 副作用/风险：民权临时下降、战后审查风险
0_2_1_005,政策,军事,民主,宪兵执法令，消耗：金钱、声量 | 正面效果：降低动乱、维护法治 | 副作用/风险：司法成本上升
0_3_1_001,政策,内政,民主,司法程序处理，消耗：金钱 | 正面效果：依法处理激进派、维护法治 | 副作用/风险：处理周期长、效率低
0_3_1_002,政策,内政,民主,紧急状态声明，消耗：声量、少量权威 | 正面效果：控制动乱、提升稳定 | 副作用/风险：民权临时下降、国会监督
0_2_1_006,政策,军事,民主,公民自卫授权，消耗：声量 | 正面效果：增强自发防卫、提升民兵忠诚 | 副作用/风险：武器扩散风险、治安风险
0_2_1_007,政策,军事,民主,国会军官审核，消耗：声量、金钱 | 正面效果：增强军官合法性、提升民主控制 | 副作用/风险：审核周期长、效率下降
0_2_1_008,政策,军事,民主,职业晋升制度，消耗：金钱 | 正面效果：提升军队效率、增强公平性 | 副作用/风险：政治忠诚度不保证
0_2_1_009,政策,军事,民主,军官公开选拔，消耗：声量 | 正面效果：增强公众信任、提升军队透明度 | 副作用/风险：选拔周期长
0_5_1_001,政策,社会,民主,公开竞选辩论，消耗：声量、金钱 | 正面效果：增强民主声量、提升选民参与 | 副作用/风险：竞选成本高、周期长
0_5_1_002,政策,社会,民主,政策公开宣讲，消耗：声量、金钱 | 正面效果：增强政策支持度、提升透明度 | 副作用/风险：反对派同时发声
0_3_1_003,政策,内政,民主,民意调查发布，消耗：金钱 | 正面效果：增强民意了解、提供决策依据 | 副作用/风险：调查偏差风险
0_5_1_003,政策,社会,民主,选民教育计划，消耗：声量、金钱 | 正面效果：提升选民素质、增强民主参与 | 副作用/风险：教育周期长
0_3_1_004,政策,内政,民主,自由媒体政策，消耗：声量 | 正面效果：大幅增强信息流通、保障公民知情权 | 副作用/风险：舆论失控风险、反对派发声机会
0_3_1_005,政策,内政,民主,公共广播建立，消耗：金钱 | 正面效果：增强公众信息传播、提升透明度 | 副作用/风险：政府声音竞争下降
0_3_1_006,政策,内政,民主,媒体透明法案，消耗：声量 | 正面效果：增强媒体诚信、减少虚假信息 | 副作用/风险：媒体成本上升
0_3_1_007,政策,内政,民主,司法程序处理异见，消耗：金钱 | 正面效果：维护法治、增强程序正义 | 副作用/风险：处理周期长、效率低
0_3_1_008,政策,内政,民主,听证会制度，消耗：声量、金钱 | 正面效果：大幅增强公众监督、提升透明度 | 副作用/风险：时间成本消耗高
0_5_1_004,政策,社会,民主,公民申诉通道，消耗：金钱 | 正面效果：保障公民权利、提升满意度 | 副作用/风险：处理量大
0_5_1_005,政策,社会,民主,异见合法化，消耗：声量 | 正面效果：大幅增强政治包容、降低激进派 | 副作用/风险：主流价值观冲击严重
0_5_1_006,政策,社会,民主,大选组织，消耗：大量金钱、声量 | 正面效果：增强民主合法性、政权更替有序 | 副作用/风险：竞选成本高、周期长
0_5_1_007,政策,社会,民主,投票权扩大，消耗：声量 | 正面效果：大幅增加选民基数、提升民主声量 | 副作用/风险：保守派激进化严重
0_3_1_009,政策,内政,民主,选举监督委员会，消耗：声量、金钱 | 正面效果：增强选举公正、提升信任度 | 副作用/风险：监督成本消耗高
0_0_1_001,政策,市场,民主,市场监管法案，消耗：声量、金钱 | 正面效果：增强市场秩序、保护消费者 | 副作用/风险：企业成本上升、效率下降
0_0_1_002,政策,市场,民主,反垄断法案，消耗：声量、金钱 | 正面效果：增强市场竞争、削弱垄断 | 副作用/风险：大企业反对严重
0_0_1_003,政策,市场,民主,国家监管机构，消耗：金钱、声量 | 正面效果：提升监管效率、增强透明度 | 副作用/风险：行政成本上升
0_0_1_004,政策,市场,民主,私有化支持，消耗：声量 | 正面效果：大幅提升市场活力、增强效率 | 副作用/风险：国家控制下降严重、风险上升
0_4_1_001,政策,国库财政,民主,累进税制改革，消耗：声量、少量权威 | 正面效果：大幅增加底层支持、提升公平性 | 副作用/风险：富人激进化严重、资本流出风险
0_5_1_008,政策,社会,民主,社会福利法案，消耗：大量金钱、声量 | 正面效果：大幅提升底层满意度、降低激进度 | 副作用/风险：财政赤字严重
0_4_1_002,政策,国库财政,民主,最低工资法案，消耗：声量、金钱 | 正面效果：增加工人支持、提升生活水平 | 副作用/风险：企业成本上升、失业风险
0_5_1_009,政策,社会,民主,财富再分配计划，消耗：声量、权威 | 正面效果：大幅增加底层支持、大幅提升公平性 | 副作用/风险：资产阶级激进化严重
0_0_1_005,政策,市场,民主,自由贸易法案，消耗：声量、威望 | 正面效果：大幅增加贸易量、促进经济增长 | 副作用/风险：国内产业冲击严重、失业风险严重
0_0_1_006,政策,市场,民主,关税调节法案，消耗：声量、金钱 | 正面效果：保护产业、增加财政收入 | 副作用/风险：贸易量下降、效率损失
0_7_1_001,政策,外交,民主,贸易协定谈判，消耗：声量、威望 | 正面效果：增加贸易伙伴、提升外交信誉 | 副作用/风险：谈判周期长
0_0_1_007,政策,市场,民主,市场开放法案，消耗：声量 | 正面效果：大幅提升市场活力、吸引外资进入 | 副作用/风险：国内企业竞争压力严重
0_0_1_008,政策,市场,民主,扩大商品存储上限，消耗：声量、金钱 | 正面效果：扩大战略商品存储上限、增强物资储备 | 副作用/风险：存在失败率；国会辩论周期长，失败导致选民不满或激进派上升
0_4_1_003,政策,国库财政,民主,产业亏损补贴，消耗：大量金钱、声量 | 正面效果：设定阈值自动触发国家财政补贴、稳定关键产业 | 副作用/风险：财政赤字严重、国会审查周期长、资本家反对
0_0_1_009,政策,市场,民主,国家投行化，消耗：大量声量、金钱 | 正面效果：国家注资银行业、提升信贷额度与投资速度 | 副作用/风险：市场争议严重、资本家激进化、国会审查
0_0_1_010,政策,市场,民主,信贷优先级干预，消耗：声量、金钱 | 正面效果：设置银行业投资偏好（需国会批准） | 副作用/风险：消费品产业信贷短缺、市场效率下降、国会辩论
0_2_1_010,政策,军事,民主,军工价格折扣政策，消耗：声量、金钱 | 正面效果：降低国家购买武器单价、节省军费开支 | 副作用/风险：军工厂商利润削减、厂商缩减规模、国会审查
0_0_1_011,政策,市场,民主,战略储备市场管理，消耗：声量、金钱 | 正面效果：投入市场：供<求时释放缺口赚取利润；直接丢弃：需国会批准销毁库存 | 副作用/风险：投入市场可能引发价格波动争议；丢弃需国会程序周期长
0_7_1_002,政策,外交,民主,同盟外交建立，消耗：声量、威望 | 正面效果：提升同盟效率、获得外交支持 | 副作用/风险：同盟义务、资源消耗
0_7_1_003,政策,外交,民主,国际组织参与，消耗：声量、威望 | 正面效果：大幅提升国际信誉、增加外交点数 | 副作用/风险：国际义务、自主性下降
0_7_1_004,政策,外交,民主,外交援助计划，消耗：大量金钱、声量 | 正面效果：大幅增强外交支持、巩固盟友关系 | 副作用/风险：财政消耗严重
0_7_1_005,政策,外交,民主,民主输出倡议，消耗：声量、威望 | 正面效果：传播民主声量、增强影响力 | 副作用/风险：外交恶名上升、对抗风险
0_8_1_001,政策,情报,民主,技术情报交换，消耗：声量、金钱 | 正面效果：获取技术、增强情报共享 | 副作用/风险：依赖外部、保密风险
0_8_1_002,政策,情报,民主,外交情报收集，消耗：金钱、声量 | 正面效果：大幅增强外交情报、提升能见度 | 副作用/风险：合法性争议
0_8_1_003,政策,情报,民主,议会情报监督，消耗：声量 | 正面效果：增强情报透明度、提升公民信任 | 副作用/风险：情报效率下降
0_8_1_004,政策,情报,民主,合法渗透授权，消耗：声量、金钱 | 正面效果：实施合法渗透、增强外交支持 | 副作用/风险：曝光风险
0_7_1_006,政策,外交,民主,经济同盟建立，消耗：声量、威望 | 正面效果：大幅增强经济影响力、获得同盟收益 | 副作用/风险：同盟义务、财政支出
0_7_1_007,政策,外交,民主,民主同盟支持，消耗：声量、金钱 | 正面效果：增加民主盟友、输出意识形态 | 副作用/风险：外交恶名上升
0_6_1_001,政策,科技,民主,技术合作同盟，消耗：声量、金钱 | 正面效果：建立技术同盟、提升科研效率 | 副作用/风险：技术共享风险
0_6_1_002,政策,科技,民主,市场需求导向科研，消耗：声量、金钱 | 正面效果：大幅增强市场适应、提升效率 | 副作用/风险：国家战略科研滞后严重
0_5_1_010,政策,社会,民主,公民教育计划，消耗：大量金钱、声量 | 正面效果：提升人口素质、增强民主参与 | 副作用/风险：教育周期长
0_6_1_003,政策,科技,民主,职业教育推广，消耗：金钱、声量 | 正面效果：提升劳动力技能、增加就业 | 副作用/风险：技术导向单一
0_6_1_004,政策,科技,民主,自由市场竞争科研，消耗：声量 | 正面效果：提升科研效率、大幅增强创新 | 副作用/风险：国家控制下降
0_6_1_005,政策,科技,民主,公立大学建设，消耗：大量金钱、声量 | 正面效果：提升科研产出、增强教育普及 | 副作用/风险：财政成本消耗高
0_6_1_006,政策,科技,民主,科研自由法案，消耗：声量 | 正面效果：大幅增强学术自由、提升创新 | 副作用/风险：国家战略滞后严重
0_6_1_007,政策,科技,民主,市场竞争选拔，消耗：金钱 | 正面效果：提升人才效率、大幅增强公平性 | 副作用/风险：政治忠诚不保证
0_6_1_008,政策,科技,民主,公开考试选拔，消耗：声量、金钱 | 正面效果：大幅增强公平性、提升透明度 | 副作用/风险：选拔周期长
0_6_1_009,政策,科技,民主,学术自由保护，消耗：声量 | 正面效果：大幅增强学术创新、获得知识分子支持 | 副作用/风险：政治审查缺失
0_5_1_011,政策,社会,民主,自由迁移政策，消耗：声量 | 正面效果：大幅增强流动性、提升市场效率 | 副作用/风险：社会稳定性下降
0_5_1_012,政策,社会,民主,移民开放政策，消耗：声量、金钱 | 正面效果：大幅增加劳动力、促进经济活力 | 副作用/风险：社会融合风险严重
0_5_1_013,政策,社会,民主,技术移民优先，消耗：声量、金钱 | 正面效果：增加技术人才、提升科研效率 | 副作用/风险：其他移民反对
0_5_1_014,政策,社会,民主,难民接纳计划，消耗：声量、金钱 | 正面效果：大幅提升国际声誉、增强人道主义 | 副作用/风险：社会成本消耗大、融合风险
0_5_1_015,政策,社会,民主,公民荣誉授予，消耗：声量、威望 | 正面效果：增强公民忠诚、提升社会激励 | 副作用/风险：无实质权力
0_5_1_016,政策,社会,民主,功勋奖章颁发，消耗：声量、金钱 | 正面效果：增强社会激励、提升认同感 | 副作用/风险：无阶级特权
0_5_1_017,政策,社会,民主,杰出公民表彰，消耗：声量 | 正面效果：树立社会榜样、引导价值观 | 副作用/风险：其他公民羡慕
0_5_1_018,政策,社会,民主,全民福利计划，消耗：大量金钱、声量 | 正面效果：大幅增加底层支持、大幅降低激进度 | 副作用/风险：财政赤字极严重、富人反对严重
0_5_1_019,政策,社会,民主,公共医疗保障，消耗：大量金钱、声量 | 正面效果：提升健康水平、增加满意度 | 副作用/风险：财政持续支出严重
0_5_1_020,政策,社会,民主,失业保险建立，消耗：金钱、声量 | 正面效果：增强社会稳定、获得工人支持 | 副作用/风险：失业率上升风险
0_5_1_021,政策,社会,民主,养老金法案，消耗：金钱、声量 | 正面效果：增加老年支持、提升稳定 | 副作用/风险：财政长期负担严重
0_5_1_022,政策,社会,民主,全公民权法案，消耗：声量、少量权威 | 正面效果：大幅增强公民权利、大幅提升满意度 | 副作用/风险：保守派激进化极严重
0_5_1_023,政策,社会,民主,女性选举权法案，消耗：声量、金钱 | 正面效果：大幅增加女性支持、提升民主声量 | 副作用/风险：保守派反对严重
0_5_1_024,政策,社会,民主,少数族裔权利法案，消耗：声量、权威 | 正面效果：增加少数族裔支持、促进多元文化 | 副作用/风险：民族主义激进化严重
0_3_1_010,政策,内政,民主,言论自由保障，消耗：声量 | 正面效果：大幅增强公民自由、获得知识分子支持 | 副作用/风险：舆论失控风险严重
0_2_2_001,政策,军事,极权,全民战争动员，消耗：大量权威、声量 | 正面效果：大幅提升动员效率、大幅增加兵源 | 副作用/风险：消费品短缺严重、经济产出下降
0_2_2_002,政策,军事,极权,政治动员令，消耗：权威、声量 | 正面效果：大幅加快动员速度、增强意识形态忠诚 | 副作用/风险：非意识形态人口激进化
0_2_2_003,政策,军事,极权,党指挥枪制度，消耗：权威 | 正面效果：大幅增强军队服从党、提升政委控制 | 副作用/风险：军事效率下降
0_5_2_001,政策,社会,极权,群众动员大会，消耗：声量、权威 | 正面效果：增加群众参与、提升动员意愿 | 副作用/风险：持续成本消耗高
0_2_2_004,政策,军事,极权,秘密警察镇压，消耗：大量权威 | 正面效果：大幅降低动乱、大幅减少异见派 | 副作用/风险：人权争议严重、长期反弹风险
0_2_2_005,政策,军事,极权,政治清洗行动，消耗：大量权威、声量 | 正面效果：大幅增强绝对控制、消除异见派 | 副作用/风险：短期稳定下降、人才流失严重
0_5_2_002,政策,社会,极权,群众批斗大会，消耗：声量、权威 | 正面效果：公开羞辱异见派、大幅增强威慑 | 副作用/风险：社会恐怖氛围严重、长期创伤
0_2_2_006,政策,军事,极权,意识形态审查，消耗：权威 | 正面效果：大幅识别异见派、增强控制 | 副作用/风险：审查成本持续消耗、效率损失
0_2_2_007,政策,军事,极权,政委制度建立，消耗：权威、声量 | 正面效果：大幅增强军队意识形态忠诚 | 副作用/风险：军事效率下降严重、专业军官不满
0_2_2_008,政策,军事,极权,军官政治清洗，消耗：大量权威 | 正面效果：大幅增强军队绝对忠诚 | 副作用/风险：军事能力下降严重、政变风险激增后下降
0_2_2_009,政策,军事,极权,忠诚度考核制，消耗：权威、声量 | 正面效果：筛选军官忠诚 | 副作用/风险：专业能力筛选缺失严重
0_5_2_003,政策,社会,极权,意识形态全面灌输，消耗：权威、声量 | 正面效果：大幅增强意识形态声量、大幅提升忠诚 | 副作用/风险：思想僵化严重、创新下降严重
0_5_2_004,政策,社会,极权,个人崇拜建设，消耗：大量权威、声量 | 正面效果：大幅增强领袖权威、大幅提升群众忠诚 | 副作用/风险：领袖依赖风险严重、后继危机
0_5_2_005,政策,社会,极权,群众学习大会，消耗：声量、权威 | 正面效果：增强思想统一、提升参与 | 副作用/风险：时间成本消耗高、生产损失
0_5_2_006,政策,社会,极权,意识形态教材编写，消耗：权威、声量 | 正面效果：大幅增强教育控制、提升青年忠诚 | 副作用/风险：教育内容单一、创新下降严重
0_2_2_010,政策,军事,极权,异见派全面清洗，消耗：大量权威、声量 | 正面效果：消除异见派、大幅增强绝对控制 | 副作用/风险：社会恐怖严重、人才流失极严重
0_5_2_007,政策,社会,极权,意识形态纯化运动，消耗：大量权威、声量 | 正面效果：大幅提升意识形态纯度、增强忠诚 | 副作用/风险：大规模社会动荡严重
0_3_2_001,政策,内政,极权,媒体单一化，消耗：权威 | 正面效果：大幅增强舆论绝对控制 | 副作用/风险：信息闭塞严重、创新下降严重
0_5_2_008,政策,社会,极权,知识分子改造运动，消耗：权威、声量 | 正面效果：大幅增强知识分子服从 | 副作用/风险：知识分子能力下降极严重
0_3_2_002,政策,内政,极权,单一官方媒体，消耗：权威、金钱 | 正面效果：大幅增强媒体控制 | 副作用/风险：信息闭塞严重、舆论僵化严重
0_5_2_009,政策,社会,极权,宣传机器建立，消耗：权威、声量 | 正面效果：大幅提升宣传效率、增强覆盖 | 副作用/风险：维护成本持续消耗
0_3_2_003,政策,内政,极权,信息封锁令，消耗：权威 | 正面效果：大幅阻断外部信息 | 副作用/风险：技术落后风险严重
0_1_2_001,政策,产业,极权,指令经济全面实施，消耗：大量权威、声量 | 正面效果：大幅增强国家控制、大幅提升战争动员 | 副作用/风险：效率下降严重、市场活力消失
0_1_2_002,政策,产业,极权,五年计划启动，消耗：大量权威、声量 | 正面效果：大幅提升工业化、增强军工产出 | 副作用/风险：消费品短缺严重、民生下降严重
0_1_2_003,政策,产业,极权,产业国有化，消耗：大量权威 | 正面效果：大幅增强国家控制、消除资产阶级 | 副作用/风险：资产阶级叛乱风险严重
0_1_2_004,政策,产业,极权,生产目标指令，消耗：权威、声量 | 正面效果：增强产出目标达成 | 副作用/风险：质量下降严重、效率损失严重
0_4_2_001,政策,国库财政,极权,按劳分配制度，消耗：权威、声量 | 正面效果：增加工人支持、提升公平性名义 | 副作用/风险：实际分配不公、激励下降
0_5_2_010,政策,社会,极权,阶级差别消除，消耗：大量权威、声量 | 正面效果：大幅提升阶级名义平等 | 副作用/风险：特权阶层实际存在、效率下降严重
0_4_2_002,政策,国库财政,极权,配给制实施，消耗：权威、声量 | 正面效果：大幅增强资源控制、提升稳定名义 | 副作用/风险：消费品短缺严重、生活水平下降严重
0_5_2_011,政策,社会,极权,特权阶层供给，消耗：权威、声量 | 正面效果：增加特权阶层忠诚 | 副作用/风险：底层激进化严重、名义公平受损严重
0_1_2_005,政策,产业,极权,计划劳动力分配，消耗：权威、声量 | 正面效果：大幅增强劳动力控制、增加战略产业劳动力 | 副作用/风险：工人不满严重、流动性下降严重
0_1_2_006,政策,产业,极权,强制劳动征调，消耗：大量权威 | 正面效果：大幅增加战略产业劳动力 | 副作用/风险：工人反抗严重、人权争议严重
0_1_2_007,政策,产业,极权,集体农庄建立，消耗：权威、声量 | 正面效果：大幅增强农业控制、增加粮食征调 | 副作用/风险：农民反抗严重、农业效率下降严重
0_0_2_001,政策,市场,极权,扩大商品存储上限，消耗：党权、声量 | 正面效果：扩大战略商品存储上限、大幅增强物资储备 | 副作用/风险：成功率极高；失败极少，但失败将触发党内清洗或激进派上升
0_4_2_003,政策,国库财政,极权,产业亏损补贴，消耗：党权、大量声量 | 正面效果：设定阈值自动触发国家财政补贴、绝对稳定关键产业 | 副作用/风险：财政赤字极严重、效率僵化严重、配给制强化
0_0_2_002,政策,市场,极权,国家投行化，消耗：党权、大量金钱 | 正面效果：国家完全控制银行业、大幅提升信贷额度与投资速度 | 副作用/风险：市场活力消失、金融垄断、资本家彻底消灭
0_0_2_003,政策,市场,极权,信贷优先级干预，消耗：党权、声量 | 正面效果：设置银行业投资偏好（强制优先军工/重工业） | 副作用/风险：消费品产业信贷彻底消失、民用产业严重受损
0_2_2_011,政策,军事,极权,军工价格折扣政策，消耗：党权、金钱 | 正面效果：国家强制降低武器单价、军工厂服从党指令 | 副作用/风险：军工厂商无利润、厂商规模由国家指令决定
0_0_2_004,政策,市场,极权,战略储备市场管理，消耗：党权、声量 | 正面效果：投入市场：供<求时释放缺口赚取利润；直接丢弃：国家指令销毁库存 | 副作用/风险：投入市场由国家控制价格；丢弃可人为制造稀缺强化控制
0_7_2_001,政策,外交,极权,阵营意识形态输出，消耗：权威、声量 | 正面效果：大幅增强意识形态影响力、增加阵营支持 | 副作用/风险：外交恶名上升、对抗风险
0_7_2_002,政策,外交,极权,共产国际建立，消耗：大量权威、威望 | 正面效果：大幅增强阵营组织、增加意识形态同盟 | 副作用/风险：资源消耗持续、对抗风险严重
0_7_2_003,政策,外交,极权,阵营技术共享，消耗：权威、声量 | 正面效果：增强阵营技术、提升效率 | 副作用/风险：技术泄露风险
0_7_2_004,政策,外交,极权,卫星国建立，消耗：权威、威望 | 正面效果：大幅增强阵营控制、增加卫星国 | 副作用/风险：管理成本上升严重、卫星国反抗
0_8_2_001,政策,情报,极权,意识形态渗透，消耗：权威、声量 | 正面效果：大幅增强目标国意识形态影响 | 副作用/风险：曝光风险严重、恶名上升
0_8_2_002,政策,情报,极权,阵营政变支持，消耗：大量权威、威望 | 正面效果：大幅提高目标国政权变更概率 | 副作用/风险：曝光后恶名极严重、外交冲突严重
0_8_2_003,政策,情报,极权,地下组织建立，消耗：权威、金钱 | 正面效果：增强长期渗透、提升隐蔽性 | 副作用/风险：维护成本持续消耗
0_8_2_004,政策,情报,极权,技术窃取行动，消耗：权威、金钱 | 正面效果：提高技术获取概率 | 副作用/风险：曝光风险严重、外交冲突
0_6_2_001,政策,科技,极权,阵营需求导向科研，消耗：权威、声量 | 正面效果：大幅增强阵营科研、增加国家需求科研 | 副作用/风险：其他领域滞后严重、创新下降严重
0_6_2_002,政策,科技,极权,军事科研优先，消耗：权威、金钱 | 正面效果：大幅增强军事科技、提升军工效率 | 副作用/风险：消费品科研滞后极严重
0_6_2_003,政策,科技,极权,意识形态科研，消耗：权威、声量 | 正面效果：大幅增强意识形态理论、提升忠诚 | 副作用/风险：实用科研滞后严重
0_6_2_004,政策,科技,极权,国家科研集中，消耗：权威、大量金钱 | 正面效果：提升科研效率、大幅增强国家控制 | 副作用/风险：市场创新消失、效率僵化严重
0_6_2_005,政策,科技,极权,科研军事化，消耗：权威、金钱 | 正面效果：大幅增强军事科研、提升保密性 | 副作用/风险：学术自由消失严重
0_6_2_006,政策,科技,极权,意识形态科研机构，消耗：权威、声量 | 正面效果：大幅增强意识形态科研 | 副作用/风险：实用科研滞后严重
0_6_2_007,政策,科技,极权,政治审查选拔，消耗：权威、声量 | 正面效果：大幅增强人才忠诚 | 副作用/风险：专业能力筛选缺失严重
0_6_2_008,政策,科技,极权,党员优先选拔，消耗：权威、声量 | 正面效果：增加党员人才、增强忠诚 | 副作用/风险：非党员人才排斥严重
0_6_2_009,政策,科技,极权,意识形态考核，消耗：权威 | 正面效果：大幅筛选意识形态忠诚 | 副作用/风险：专业能力下降严重
0_5_2_012,政策,社会,极权,计划迁移指令，消耗：权威、声量 | 正面效果：大幅增强人口控制、增加战略区人口 | 副作用/风险：迁移反抗严重、激进化严重
0_5_2_013,政策,社会,极权,强制迁移令，消耗：大量权威 | 正面效果：大幅增加战略区人口 | 副作用/风险：迁移反抗极严重、人权争议严重
0_5_2_014,政策,社会,极权,民族迁移计划，消耗：权威、声量 | 正面效果：增强民族分布控制 | 副作用/风险：民族反抗严重、激进化严重
0_5_2_015,政策,社会,极权,城市计划化，消耗：权威、金钱 | 正面效果：增强城市控制 | 副作用/风险：农村激进化严重
0_5_2_016,政策,社会,极权,阵营移民优先，消耗：权威、声量 | 正面效果：增加阵营移民、增强意识形态一致 | 副作用/风险：其他移民排斥严重
0_5_2_017,政策,社会,极权,意识形态移民筛选，消耗：权威 | 正面效果：大幅增加意识形态移民 | 副作用/风险：技术人才流失风险
0_3_2_004,政策,内政,极权,封闭边境维持，消耗：权威 | 正面效果：增强边境控制、提升稳定 | 副作用/风险：外部信息闭塞严重
0_5_2_018,政策,社会,极权,阵营荣誉授予，消耗：权威、声量 | 正面效果：增加阵营忠诚、提升激励 | 副作用/风险：非阵营成员排斥严重
0_5_2_019,政策,社会,极权,党员荣誉称号，消耗：权威、声量 | 正面效果：增加党员忠诚 | 副作用/风险：非党员激进化严重
0_5_2_020,政策,社会,极权,劳动英雄称号，消耗：声量、权威 | 正面效果：增加劳动激励、提升忠诚 | 副作用/风险：形式主义风险
0_5_2_021,政策,社会,极权,阵营福利计划，消耗：权威、大量金钱 | 正面效果：大幅增加阵营成员福利、大幅提升忠诚 | 副作用/风险：资源消耗极大、非阵营排斥严重
0_4_2_004,政策,国库财政,极权,配给制福利，消耗：权威、声量 | 正面效果：增加基本保障、提升稳定名义 | 副作用/风险：实际生活水平低
0_5_2_022,政策,社会,极权,特权阶层福利，消耗：权威、声量 | 正面效果：增加特权阶层忠诚 | 副作用/风险：底层激进化严重、名义公平受损严重
0_5_2_023,政策,社会,极权,阵营公民权制度，消耗：权威、声量 | 正面效果：增加阵营成员权利 | 副作用/风险：非阵营成员权利缺失严重
0_5_2_024,政策,社会,极权,意识形态公民权，消耗：权威 | 正面效果：大幅增加意识形态一致者权利 | 副作用/风险：异见者权利缺失极严重
0_5_2_025,政策,社会,极权,公民权限制令，消耗：权威 | 正面效果：大幅限制异见者权利 | 副作用/风险：人权争议极严重、激进化极严重
0_2_3_001,政策,军事,君主,王室征召令，消耗：权威、声量 | 正面效果：大幅增加贵族军队规模、增强忠诚 | 副作用/风险：底层兵源不足、激进化上升
0_2_3_002,政策,军事,君主,皇家军队建立，消耗：大量权威、金钱 | 正面效果：增加职业皇家军队规模、提升效率 | 副作用/风险：成本持续消耗
0_2_3_003,政策,军事,君主,贵族骑士征召，消耗：权威、声量 | 正面效果：大幅增加骑兵贵族、增强传统战力 | 副作用/风险：现代战力下降严重
0_2_3_004,政策,军事,君主,王室战争动员，消耗：大量权威、威望 | 正面效果：增强战争动员、提升王室权威 | 副作用/风险：底层激进化严重
0_2_3_005,政策,军事,君主,封建契约动员，消耗：权威、声量 | 正面效果：大幅增强封建动员、提升贵族效率 | 副作用/风险：现代效率下降严重
0_2_3_006,政策,军事,君主,皇家卫队镇压，消耗：权威、金钱 | 正面效果：大幅降低动乱、增强王室安全 | 副作用/风险：人权争议上升
0_2_3_007,政策,军事,君主,贵族私军镇压，消耗：权威、声量 | 正面效果：降低动乱、增强贵族控制 | 副作用/风险：底层激进化严重
0_3_3_001,政策,内政,君主,王室法令强制执行，消耗：权威、金钱 | 正面效果：增强法令执行、提升稳定 | 副作用/风险：底层反抗
0_2_3_008,政策,军事,君主,贵族特权镇压权，消耗：权威 | 正面效果：授权贵族镇压、增强稳定 | 副作用/风险：底层激进化严重
0_3_3_002,政策,内政,君主,流放/剥夺爵位，消耗：大量权威、威望 | 正面效果：消除异见贵族、大幅增强威慑 | 副作用/风险：贵族阶层不满上升
0_2_3_009,政策,军事,君主,贵族军官任命，消耗：权威、声量 | 正面效果：大幅增强贵族军官忠诚 | 副作用/风险：专业能力下降严重
0_2_3_010,政策,军事,君主,王室军官团建立，消耗：权威、金钱 | 正面效果：增加王室军官、增强忠诚 | 副作用/风险：贵族军官排斥
0_2_3_011,政策,军事,君主,军官爵位授予，消耗：权威、威望 | 正面效果：增强军官忠诚、提升激励 | 副作用/风险：其他军官不满
0_2_3_012,政策,军事,君主,王室军事学院，消耗：权威、金钱 | 正面效果：提升军官素质、增强王室控制 | 副作用/风险：贵族军官排斥
0_2_3_013,政策,军事,君主,贵族军官特权授予，消耗：权威、声量 | 正面效果：授予贵族军官特权、增强支持 | 副作用/风险：底层军官激进化
0_5_3_001,政策,社会,君主,王室诏令宣读，消耗：权威、声量 | 正面效果：大幅增强传统主义声量、提升王室权威 | 副作用/风险：民主派激进化
0_5_3_002,政策,社会,君主,王室神圣化宣传，消耗：大量权威、声量 | 正面效果：大幅增强王室神圣性、提升传统主义 | 副作用/风险：知识分子激进化严重
0_5_3_003,政策,社会,君主,贵族荣誉宣传，消耗：权威、声量 | 正面效果：增强贵族声量、提升稳定 | 副作用/风险：底层激进化严重
0_5_3_004,政策,社会,君主,传统价值观宣传，消耗：声量、权威 | 正面效果：增强传统主义、提升稳定名义 | 副作用/风险：知识分子激进化
0_5_3_005,政策,社会,君主,王室历史叙事，消耗：权威、声量 | 正面效果：增强王室历史叙事、提升传统主义 | 副作用/风险：知识分子历史争议
0_5_3_006,政策,社会,君主,贵族阶层宣传，消耗：声量、权威 | 正面效果：增强贵族声量、提升稳定 | 副作用/风险：底层激进化
0_3_3_003,政策,内政,君主,流放异见贵族，消耗：大量权威、威望 | 正面效果：消除异见贵族、大幅增强威慑 | 副作用/风险：贵族阶层不满严重
0_3_3_004,政策,内政,君主,剥夺爵位惩罚，消耗：权威、威望 | 正面效果：惩罚异见贵族、增强威慑 | 副作用/风险：贵族阶层恐慌
0_3_3_005,政策,内政,君主,王室审查令，消耗：权威 | 正面效果：控制舆论、增强稳定 | 副作用/风险：知识分子激进化严重
0_3_3_006,政策,内政,君主,贵族私审异见，消耗：权威、声量 | 正面效果：处理异见、增强贵族控制 | 副作用/风险：程序正义缺失严重
0_3_3_007,政策,内政,君主,王室禁令发布，消耗：权威、声量 | 正面效果：禁止异见、增强控制 | 副作用/风险：知识分子激进化严重
0_5_3_007,政策,社会,君主,贵族教育建立，消耗：权威、金钱 | 正面效果：增加贵族人才、增强忠诚 | 副作用/风险：底层教育缺失严重
0_5_3_008,政策,社会,君主,传统教育改革，消耗：权威、声量 | 正面效果：增强传统教育、提升传统主义 | 副作用/风险：知识分子激进化
0_5_3_009,政策,社会,君主,王室教育制度，消耗：权威、金钱 | 正面效果：增强王室教育、提升忠诚 | 副作用/风险：普通教育缺失
0_5_3_010,政策,社会,君主,贵族子弟培养计划，消耗：权威、金钱 | 正面效果：增加贵族后代、增强忠诚 | 副作用/风险：底层人才流失严重
0_5_3_011,政策,社会,君主,王室价值观教育，消耗：权威、声量 | 正面效果：推行王室价值观教育、增强忠诚 | 副作用/风险：知识分子激进化严重
0_1_3_001,政策,产业,君主,皇家特许经营，消耗：权威、声量 | 正面效果：增加贵族产业规模、增加王室收入 | 副作用/风险：市场效率下降
0_1_3_002,政策,产业,君主,王室产业建立，消耗：大量权威、金钱 | 正面效果：增加王室产业规模、大幅增加收入 | 副作用/风险：市场效率下降严重
0_1_3_003,政策,产业,君主,贵族产业保护，消耗：权威、声量 | 正面效果：增加贵族产业规模、提升稳定 | 副作用/风险：市场效率下降
0_0_3_001,政策,市场,君主,王室垄断建立，消耗：大量权威、金钱 | 正面效果：建立王室垄断、大幅增加收入 | 副作用/风险：市场活力下降严重
0_1_3_004,政策,产业,君主,贵族特许经营权授予，消耗：权威、声量 | 正面效果：授予贵族特许经营权、增加收入 | 副作用/风险：市场效率下降
0_4_3_001,政策,国库财政,君主,封建贡赋征收，消耗：权威、声量 | 正面效果：增加王室收入、增强贵族控制 | 副作用/风险：底层激进化严重
0_4_3_002,政策,国库财政,君主,贵族免税特权，消耗：权威 | 正面效果：大幅增强贵族支持 | 副作用/风险：底层激进化严重、财政减少
0_4_3_003,政策,国库财政,君主,王室税收优先，消耗：权威、声量 | 正面效果：增加王室收入、增强控制 | 副作用/风险：底层激进化严重
0_5_3_012,政策,社会,君主,贵族财富保护，消耗：权威、声量 | 正面效果：增加贵族财富、提升稳定 | 副作用/风险：底层财富分配下降
0_4_3_004,政策,国库财政,君主,王室财富积累计划，消耗：权威、金钱 | 正面效果：增加王室财富、提升权威 | 副作用/风险：底层财富流失严重
0_1_3_005,政策,产业,君主,农奴制劳动力，消耗：大量权威、声量 | 正面效果：大幅增强劳动力控制、提升稳定名义 | 副作用/风险：工人激进化严重、效率下降
0_1_3_006,政策,产业,君主,贵族劳动力调配，消耗：权威、声量 | 正面效果：增加贵族劳动力、增强控制 | 副作用/风险：底层流动性下降严重
0_1_3_007,政策,产业,君主,王室劳动力征调，消耗：权威、金钱 | 正面效果：增加王室劳动力、提升权威 | 副作用/风险：底层反抗严重
0_1_3_008,政策,产业,君主,封建劳动力绑定，消耗：权威、声量 | 正面效果：绑定劳动力、大幅提升稳定 | 副作用/风险：流动性下降严重、效率下降严重
0_1_3_009,政策,产业,君主,贵族庄园劳动力管理，消耗：权威、声量 | 正面效果：增加贵族庄园劳动力、增强控制 | 副作用/风险：底层激进化
0_0_3_002,政策,市场,君主,扩大商品存储上限，消耗：王权、威望 | 正面效果：扩大王室商品存储上限、增强王室物资储备 | 副作用/风险：存在失败率；失败导致王室威望下降或底层激进化
0_4_3_005,政策,国库财政,君主,产业亏损补贴，消耗：王权、大量金钱 | 正面效果：设定阈值自动触发王室财政补贴、稳定贵族产业 | 副作用/风险：财政赤字严重、底层税负增加、底层激进化
0_0_3_003,政策,市场,君主,国家投行化，消耗：王权、金钱 | 正面效果：王室注资银行业、提升信贷额度与贵族投资速度 | 副作用/风险：市场活力下降、贵族垄断金融、底层排斥
0_0_3_004,政策,市场,君主,信贷优先级干预，消耗：王权、声量 | 正面效果：设置银行业投资偏好（优先贵族产业/王室产业） | 副作用/风险：消费品产业信贷短缺、底层产业受损严重
0_2_3_014,政策,军事,君主,军工价格折扣政策，消耗：王权、金钱 | 正面效果：降低王室购买武器单价、节省王室军费开支 | 副作用/风险：军工厂商利润削减、贵族厂商可能缩减规模
0_0_3_005,政策,市场,君主,战略储备市场管理，消耗：王权、威望 | 正面效果：投入市场：供<求时释放缺口赚取王室利润；直接丢弃：王室指令销毁库存 | 副作用/风险：投入市场由王室控制价格；丢弃可人为制造稀缺强化控制
0_7_3_001,政策,外交,君主,皇室外交联姻，消耗：威望、权威 | 正面效果：增加外交同盟、大幅提升王室威望 | 副作用/风险：外交成本持续消耗
0_7_3_002,政策,外交,君主,皇室势力范围，消耗：权威、威望 | 正面效果：扩展势力范围、增强王室控制 | 副作用/风险：外交冲突风险
0_7_3_003,政策,外交,君主,皇室外交声明，消耗：权威、威望 | 正面效果：增强外交影响、提升王室威望 | 副作用/风险：外交冲突风险
0_7_3_004,政策,外交,君主,贵族外交代表，消耗：权威、声量 | 正面效果：增强贵族外交、提升稳定 | 副作用/风险：外交效率下降
0_7_3_005,政策,外交,君主,王室同盟建立，消耗：权威、威望 | 正面效果：增加王室同盟、获得外交支持 | 副作用/风险：同盟义务上升
0_8_3_001,政策,情报,君主,皇室情报网络，消耗：权威、金钱 | 正面效果：增强皇室情报、增强威慑 | 副作用/风险：维护成本上升
0_8_3_002,政策,情报,君主,贵族间谍网络，消耗：权威、金钱 | 正面效果：增强贵族情报、提升隐蔽性 | 副作用/风险：曝光风险
0_8_3_003,政策,情报,君主,王室政变策划，消耗：大量权威、威望 | 正面效果：提高目标国政权变更概率 | 副作用/风险：曝光风险严重、恶名上升
0_8_3_004,政策,情报,君主,皇室技术窃取，消耗：权威、金钱 | 正面效果：提高技术获取概率 | 副作用/风险：曝光风险、恶名上升
0_7_3_006,政策,外交,君主,皇室从属国建立，消耗：大量权威、威望 | 正面效果：增加从属国、增强王室控制 | 副作用/风险：管理成本上升
0_7_3_007,政策,外交,君主,贵族殖民地管理，消耗：权威、声量 | 正面效果：增加贵族殖民收入 | 副作用/风险：管理成本上升
0_7_3_008,政策,外交,君主,王室殖民特许，消耗：权威、金钱 | 正面效果：增加王室殖民收入 | 副作用/风险：殖民成本上升
0_7_3_009,政策,外交,君主,皇室势力范围声明，消耗：权威、威望 | 正面效果：扩展势力范围、增强控制 | 副作用/风险：外交冲突风险严重
0_6_3_001,政策,科技,君主,皇室需求导向科研，消耗：权威、金钱 | 正面效果：增强皇室需求科研 | 副作用/风险：其他领域滞后严重
0_6_3_002,政策,科技,君主,贵族科研优先，消耗：权威、声量 | 正面效果：增强贵族科研、提升稳定 | 副作用/风险：底层科研缺失严重
0_6_3_003,政策,科技,君主,王室科研机构建立，消耗：权威、金钱 | 正面效果：增强王室科研、提升权威 | 副作用/风险：市场科研缺失严重
0_6_3_004,政策,科技,君主,王室科研集中，消耗：大量权威、金钱 | 正面效果：提升科研效率、增强王室控制 | 副作用/风险：市场创新下降严重
0_6_3_005,政策,科技,君主,贵族科研资助，消耗：权威、金钱 | 正面效果：增强贵族科研、提升稳定 | 副作用/风险：底层科研缺失严重
0_6_3_006,政策,科技,君主,王室专利建立，消耗：权威、金钱 | 正面效果：建立王室专利、增加收入 | 副作用/风险：市场专利缺失严重
0_6_3_007,政策,科技,君主,血统+考试选拔，消耗：权威、声量 | 正面效果：增加贵族人才、增强能力 | 副作用/风险：底层排斥严重
0_6_3_008,政策,科技,君主,王室人才选拔，消耗：权威、金钱 | 正面效果：增加王室人才、增强忠诚 | 副作用/风险：底层人才流失严重
0_6_3_009,政策,科技,君主,贵族子弟优先选拔，消耗：权威、声量 | 正面效果：增加贵族子弟、提升稳定 | 副作用/风险：底层人才排斥严重
0_6_3_010,政策,科技,君主,王室学院培养，消耗：权威、金钱 | 正面效果：增加王室人才、大幅增强忠诚 | 副作用/风险：底层人才缺失严重
0_5_3_013,政策,社会,君主,封建迁移限制，消耗：权威 | 正面效果：控制人口迁移、提升稳定名义 | 副作用/风险：流动性下降严重
0_5_3_014,政策,社会,君主,王室迁移控制，消耗：权威、声量 | 正面效果：增强王室迁移控制、提升稳定 | 副作用/风险：流动性下降严重
0_5_3_015,政策,社会,君主,贵族庄园人口绑定，消耗：权威、声量 | 正面效果：增加贵族庄园人口、增强控制 | 副作用/风险：流动性下降严重
0_5_3_016,政策,社会,君主,王室领地人口调配，消耗：权威、金钱 | 正面效果：增加王室领地人口、提升权威 | 副作用/风险：底层反抗严重
0_5_3_017,政策,社会,君主,血统移民优先，消耗：权威、声量 | 正面效果：增加血统移民、提升稳定 | 副作用/风险：其他移民排斥严重
0_5_3_018,政策,社会,君主,王室移民控制，消耗：权威、声量 | 正面效果：增强王室移民控制、提升权威 | 副作用/风险：外部移民排斥严重
0_5_3_019,政策,社会,君主,贵族领地移民限制，消耗：权威、声量 | 正面效果：增强贵族领地移民、提升稳定 | 副作用/风险：外部移民排斥
0_5_3_020,政策,社会,君主,贵族爵位分封，消耗：大量权威、威望 | 正面效果：大幅增强贵族忠诚、大幅提升稳定 | 副作用/风险：底层激进化严重
0_5_3_021,政策,社会,君主,王室荣誉头衔授予，消耗：权威、威望 | 正面效果：增强王室荣誉、提升忠诚 | 副作用/风险：其他阶层激进化
0_5_3_022,政策,社会,君主,贵族特权头衔授予，消耗：权威、声量 | 正面效果：授予贵族特权头衔、提升稳定 | 副作用/风险：底层激进化严重
0_5_3_023,政策,社会,君主,王室封地授予，消耗：大量权威、威望 | 正面效果：大幅增强封地忠诚、大幅提升稳定 | 副作用/风险：底层激进化严重
0_5_3_024,政策,社会,君主,贵族封地授予，消耗：权威、声量 | 正面效果：增加贵族封地、增强忠诚 | 副作用/风险：底层激进化严重
0_5_3_025,政策,社会,君主,贵族阶级固定，消耗：权威、声量 | 正面效果：固定贵族阶级、大幅提升稳定 | 副作用/风险：底层阶级激进化严重
0_5_3_026,政策,社会,君主,王室阶级管理，消耗：权威、声量 | 正面效果：增强王室阶级、提升权威 | 副作用/风险：底层阶级激进化严重
0_5_3_027,政策,社会,君主,贵族特权阶级确立，消耗：权威、声量 | 正面效果：确立贵族特权阶级、大幅提升稳定 | 副作用/风险：底层阶级激进化严重
0_5_3_028,政策,社会,君主,皇室福利建立，消耗：权威、金钱 | 正面效果：增加贵族福利、增强忠诚 | 副作用/风险：底层福利缺失严重
0_5_3_029,政策,社会,君主,贵族福利建立，消耗：权威、金钱 | 正面效果：增加贵族福利、提升稳定 | 副作用/风险：底层福利缺失严重
0_5_3_030,政策,社会,君主,王室养老福利，消耗：权威、金钱 | 正面效果：增加王室养老、增强忠诚 | 副作用/风险：底层养老缺失严重
0_5_3_031,政策,社会,君主,贵族养老福利，消耗：权威、金钱 | 正面效果：增加贵族养老、提升稳定 | 副作用/风险：底层养老缺失严重
0_5_3_032,政策,社会,君主,血统公民权法案，消耗：权威、声量 | 正面效果：增加贵族权利、提升稳定 | 副作用/风险：底层激进化严重
0_5_3_033,政策,社会,君主,王室公民权制度，消耗：权威、声量 | 正面效果：增强王室公民权、提升权威 | 副作用/风险：底层公民权缺失严重
0_5_3_034,政策,社会,君主,贵族公民权特权，消耗：权威、声量 | 正面效果：授予贵族公民权特权、提升稳定 | 副作用/风险：底层公民权缺失严重
0_5_3_035,政策,社会,君主,王室特权公民权，消耗：权威、声量 | 正面效果：授予王室特权公民权、大幅提升权威 | 副作用/风险：底层公民权缺失严重
0_2_4_001,政策,军事,宗教,圣战动员令，消耗：大量信仰、权威 | 正面效果：大幅增强圣战动员、提升信徒战斗意志 | 副作用/风险：非信徒激进化严重
0_2_4_002,政策,军事,宗教,宗教军队建立，消耗：大量信仰、权威 | 正面效果：增加宗教军队规模、增强神职控制 | 副作用/风险：军事专业化下降
0_2_4_003,政策,军事,宗教,信徒征召令，消耗：信仰、声量 | 正面效果：大幅增加信徒兵源、增强忠诚 | 副作用/风险：非信徒兵源排斥
0_2_4_004,政策,军事,宗教,宗教战争动员，消耗：大量信仰、权威 | 正面效果：增强战争动员、提升宗教狂热 | 副作用/风险：非信徒反抗严重
0_2_4_005,政策,军事,宗教,神圣卫士建立，消耗：信仰、金钱 | 正面效果：增强神职安全、提升信徒忠诚 | 副作用/风险：成本持续消耗
0_2_4_006,政策,军事,宗教,异端审判镇压，消耗：权威、大量信仰 | 正面效果：大幅降低异端动乱、增强宗教控制 | 副作用/风险：人权争议严重、恐怖氛围
0_2_4_007,政策,军事,宗教,宗教法庭审判，消耗：大量信仰、权威 | 正面效果：处理异端、增强威慑 | 副作用/风险：程序正义缺失严重
0_2_4_008,政策,军事,宗教,神圣秩序执行，消耗：信仰、声量 | 正面效果：降低动乱、建立宗教秩序 | 副作用/风险：非信徒激进化严重
0_2_4_009,政策,军事,宗教,宗教警察执法，消耗：信仰、金钱 | 正面效果：降低动乱、增强宗教遵守 | 副作用/风险：非信徒反抗
0_2_4_010,政策,军事,宗教,异端清洗行动，消耗：大量权威、信仰 | 正面效果：消除异端、大幅增强宗教纯洁 | 副作用/风险：社会恐怖严重、人才流失严重
0_2_4_011,政策,军事,宗教,宗教军官制度，消耗：信仰、权威 | 正面效果：增强军队服从神职、提升宗教忠诚 | 副作用/风险：专业能力下降严重
0_2_4_012,政策,军事,宗教,神职军官任命，消耗：信仰、声量 | 正面效果：大幅增强神职军官忠诚 | 副作用/风险：军事专业下降严重
0_2_4_013,政策,军事,宗教,宗教军官考核，消耗：信仰、权威 | 正面效果：筛选宗教忠诚 | 副作用/风险：专业能力筛选缺失
0_2_4_014,政策,军事,宗教,宗教军官特权授予，消耗：信仰、声量 | 正面效果：授予宗教军官特权、增强支持 | 副作用/风险：非信徒军官激进化
0_2_4_015,政策,军事,宗教,神职军官团建立，消耗：信仰、金钱 | 正面效果：建立神职军官团、增强忠诚 | 副作用/风险：非信徒军官排斥
0_5_4_001,政策,社会,宗教,宗教布道大会，消耗：大量信仰、声量 | 正面效果：大幅增强宗教主义声量、提升信徒忠诚 | 副作用/风险：非信徒激进化严重
0_5_4_002,政策,社会,宗教,神圣领袖崇拜，消耗：大量信仰、权威 | 正面效果：大幅增强领袖神圣性、提升信徒忠诚 | 副作用/风险：知识分子激进化严重
0_5_4_003,政策,社会,宗教,宗教经典宣读，消耗：信仰、声量 | 正面效果：增强宗教声量、提升信徒虔诚 | 副作用/风险：知识分子反对
0_5_4_004,政策,社会,宗教,宗教教义宣传，消耗：大量信仰、声量 | 正面效果：传播教义、增强宗教认同 | 副作用/风险：非信徒排斥严重
0_5_4_005,政策,社会,宗教,宗教仪式公开，消耗：信仰、少量声量 | 正面效果：增强宗教氛围、提升信徒凝聚 | 副作用/风险：非信徒疏离
0_5_4_006,政策,社会,宗教,异端处刑，消耗：大量权威、信仰 | 正面效果：消除异端、大幅增强威慑 | 副作用/风险：人权争议严重、恐怖氛围严重
0_5_4_007,政策,社会,宗教,异端公开审判，消耗：大量信仰、权威 | 正面效果：审判异端、大幅增强威慑 | 副作用/风险：程序争议严重、社会恐怖严重
0_5_4_008,政策,社会,宗教,宗教审查令，消耗：信仰 | 正面效果：控制舆论、压制异见 | 副作用/风险：知识分子激进化严重
0_5_4_009,政策,社会,宗教,异端思想禁令，消耗：信仰、权威 | 正面效果：禁止异端思想、增强控制 | 副作用/风险：知识分子激进化严重
0_5_4_010,政策,社会,宗教,宗教法庭审判异见，消耗：大量信仰、权威 | 正面效果：处理异见、增强宗教威慑 | 副作用/风险：程序正义缺失严重
0_5_4_011,政策,社会,宗教,宗教媒体垄断，消耗：大量信仰、权威 | 正面效果：控制宗教信息、大幅增强控制 | 副作用/风险：信息闭塞严重
0_5_4_012,政策,社会,宗教,宗教广播建立，消耗：信仰、金钱 | 正面效果：增强宗教广播传播 | 副作用/风险：其他信息受阻严重
0_5_4_013,政策,社会,宗教,宗教信息控制，消耗：信仰、权威 | 正面效果：控制信息、维护宗教纯洁 | 副作用/风险：外部信息隔绝严重
0_5_4_014,政策,社会,宗教,宗教网络管控，消耗：信仰、金钱 | 正面效果：控制网络、增强宗教信息传播 | 副作用/风险：技术发展下降
0_5_4_015,政策,社会,宗教,宗教出版物管制，消耗：信仰、权威 | 正面效果：控制出版、增强宗教内容传播 | 副作用/风险：文化产出下降
0_5_4_016,政策,社会,宗教,宗教教育建立，消耗：大量信仰、金钱 | 正面效果：增强信徒教育、大幅提升忠诚 | 副作用/风险：科学教育缺失严重
0_5_4_017,政策,社会,宗教,宗教学校建立，消耗：大量信仰、金钱 | 正面效果：增加宗教学校、培养信徒 | 副作用/风险：普通教育缺失严重
0_5_4_018,政策,社会,宗教,宗教教材编写，消耗：信仰、声量 | 正面效果：控制教材、培养青年忠诚 | 副作用/风险：科学内容缺失严重
0_5_4_019,政策,社会,宗教,宗教思想教育，消耗：信仰、金钱 | 正面效果：推行思想教育、增强信徒忠诚 | 副作用/风险：批判思维缺失严重
0_5_4_020,政策,社会,宗教,宗教经典教育，消耗：信仰、声量 | 正面效果：推行经典教育、提升虔诚 | 副作用/风险：科学教育滞后
0_1_4_001,政策,产业,宗教,宗教基金控制，消耗：大量信仰、权威 | 正面效果：增强宗教产业、增加神职收入 | 副作用/风险：市场效率下降严重
0_1_4_002,政策,产业,宗教,宗教产业建立，消耗：大量信仰、金钱 | 正面效果：增加宗教产业规模、增加收入 | 副作用/风险：市场效率下降
0_1_4_003,政策,产业,宗教,宗教贸易控制，消耗：信仰、权威 | 正面效果：控制贸易、维护宗教纯洁 | 副作用/风险：贸易量下降严重
0_1_4_004,政策,产业,宗教,宗教商业特许，消耗：信仰、声量 | 正面效果：授予信徒商业特许、增加收入 | 副作用/风险：非信徒商业排斥
0_1_4_005,政策,产业,宗教,宗教垄断建立，消耗：大量信仰、金钱 | 正面效果：建立宗教垄断、大幅增加收入 | 副作用/风险：市场活力下降严重
0_4_4_001,政策,国库财政,宗教,宗教税征收，消耗：信仰、权威 | 正面效果：增加宗教收入、增强神职支持 | 副作用/风险：非信徒激进化严重
0_4_4_002,政策,国库财政,宗教,宗教贡赋征收，消耗：信仰、声量 | 正面效果：增加宗教收入、增强信徒贡献 | 副作用/风险：非信徒反抗
0_4_4_003,政策,国库财政,宗教,宗教财富分配，消耗：信仰、权威 | 正面效果：增加神职财富、获得信徒支持 | 副作用/风险：非信徒财富流失严重
0_4_4_004,政策,国库财政,宗教,宗教慈善建立，消耗：信仰、金钱 | 正面效果：增强信徒福利、提升忠诚 | 副作用/风险：非信徒排斥
0_4_4_005,政策,国库财政,宗教,宗教财富保护，消耗：信仰、声量 | 正面效果：保护神职财富、提升稳定 | 副作用/风险：非信徒财富下降
0_1_4_006,政策,产业,宗教,信徒劳动力调配，消耗：信仰、声量 | 正面效果：增强信徒劳动力、提升控制 | 副作用/风险：非信徒劳动力排斥严重
0_1_4_007,政策,产业,宗教,宗教劳动力征调，消耗：信仰、金钱 | 正面效果：增加宗教劳动力、提升权威 | 副作用/风险：非信徒反抗严重
0_1_4_008,政策,产业,宗教,宗教劳动力绑定，消耗：大量信仰、声量 | 正面效果：绑定劳动力、大幅提升稳定 | 副作用/风险：非信徒流动性下降严重
0_1_4_009,政策,产业,宗教,宗教产业劳动力管理，消耗：信仰、声量 | 正面效果：增强宗教产业劳动力、提升控制 | 副作用/风险：非信徒激进化
0_1_4_010,政策,产业,宗教,圣战物资征调，消耗：大量信仰、权威 | 正面效果：大幅增加圣战物资、增强动员 | 副作用/风险：消费品短缺严重
0_0_4_001,政策,市场,宗教,扩大商品存储上限，消耗：信仰、权威 | 正面效果：扩大宗教商品存储上限、增强宗教物资储备 | 副作用/风险：存在失败率；失败导致神职威望下降或非信徒激进化
0_4_4_006,政策,国库财政,宗教,产业亏损补贴，消耗：信仰、大量金钱 | 正面效果：设定阈值自动触发宗教基金补贴、稳定信徒产业 | 副作用/风险：财政赤字严重、非信徒产业被排斥、非信徒激进化
0_0_4_002,政策,市场,宗教,国家投行化，消耗：大量信仰、权威 | 正面效果：宗教基金注资银行业、提升信贷额度与信徒投资速度 | 副作用/风险：市场活力下降严重、金融垄断、非信徒排斥严重
0_0_4_003,政策,市场,宗教,信贷优先级干预，消耗：信仰、声量 | 正面效果：设置银行业投资偏好（优先宗教产业/圣战物资） | 副作用/风险：消费品产业信贷短缺严重、非信徒产业受损极严重
0_2_4_016,政策,军事,宗教,军工价格折扣政策，消耗：信仰、金钱 | 正面效果：降低宗教购买圣战武器单价、节省圣战军费开支 | 副作用/风险：军工厂商利润削减、信徒厂商可能缩减规模
0_0_4_004,政策,市场,宗教,战略储备市场管理，消耗：信仰、权威 | 正面效果：投入市场：供<求时释放缺口赚取宗教基金利润；直接丢弃：宗教指令销毁库存 | 副作用/风险：投入市场由宗教控制价格；丢弃可人为制造稀缺强化宗教控制
0_7_4_001,政策,外交,宗教,宗教联盟建立，消耗：大量信仰、威望 | 正面效果：增加宗教同盟、获得信徒支持 | 副作用/风险：外交冲突风险
0_7_4_002,政策,外交,宗教,宗教外交声明，消耗：信仰、权威 | 正面效果：增强外交影响、提升宗教威望 | 副作用/风险：外交冲突风险
0_7_4_003,政策,外交,宗教,宗教同盟支持，消耗：信仰、金钱 | 正面效果：增加宗教盟友、输出意识形态 | 副作用/风险：外交恶名上升
0_7_4_004,政策,外交,宗教,宗教外交网络建立，消耗：信仰、威望 | 正面效果：增强宗教外交网络、获得支持 | 副作用/风险：外交成本持续消耗
0_7_4_005,政策,外交,宗教,宗教国际组织参与，消耗：信仰、声量 | 正面效果：增强国际宗教影响、提升信誉 | 副作用/风险：国际义务
0_8_4_001,政策,情报,宗教,宗教渗透输出，消耗：信仰、权威 | 正面效果：增强宗教影响、传播信仰 | 副作用/风险：外交恶名上升严重
0_8_4_002,政策,情报,宗教,宗教地下组织建立，消耗：信仰、金钱 | 正面效果：建立长期渗透、增强隐蔽性 | 副作用/风险：维护成本持续消耗
0_8_4_003,政策,情报,宗教,宗教政变策划，消耗：大量信仰、威望 | 正面效果：提高目标国政权变更概率 | 副作用/风险：曝光风险严重、恶名上升
0_8_4_004,政策,情报,宗教,宗教情报网络，消耗：信仰、金钱 | 正面效果：增强宗教情报、提升隐蔽 | 副作用/风险：曝光风险
0_8_4_005,政策,情报,宗教,宗教技术窃取，消耗：信仰、金钱 | 正面效果：提高技术获取概率 | 副作用/风险：曝光风险、恶名上升
0_7_4_006,政策,外交,宗教,宗教从属国建立，消耗：大量信仰、权威 | 正面效果：增加宗教从属国、增强控制 | 副作用/风险：管理成本上升
0_7_4_007,政策,外交,宗教,宗教势力范围声明，消耗：大量信仰、威望 | 正面效果：扩展势力范围、增强控制 | 副作用/风险：外交冲突风险严重
0_7_4_008,政策,外交,宗教,宗教傀儡国建立，消耗：大量信仰、威望 | 正面效果：增加宗教傀儡国、增加收入 | 副作用/风险：傀儡叛乱风险
0_7_4_009,政策,外交,宗教,宗教殖民地管理，消耗：信仰、声量 | 正面效果：增加宗教殖民收入 | 副作用/风险：管理成本上升
0_7_4_010,政策,外交,宗教,宗教区域控制，消耗：信仰、权威 | 正面效果：增强区域控制、传播宗教 | 副作用/风险：区域反抗
0_6_4_001,政策,科技,宗教,宗教科研导向，消耗：信仰、权威 | 正面效果：增强宗教需求科研 | 副作用/风险：其他领域滞后严重
0_6_4_002,政策,科技,宗教,宗教需求优先科研，消耗：信仰、金钱 | 正面效果：增强宗教需求科研、提升效率 | 副作用/风险：科学科研滞后严重
0_6_4_003,政策,科技,宗教,宗教科研机构建立，消耗：信仰、金钱 | 正面效果：增强宗教科研、提升权威 | 副作用/风险：市场科研缺失
0_6_4_004,政策,科技,宗教,宗教科研集中，消耗：大量信仰、金钱 | 正面效果：提升科研效率、增强宗教控制 | 副作用/风险：市场创新下降严重
0_6_4_005,政策,科技,宗教,宗教科研资助，消耗：信仰、金钱 | 正面效果：增强宗教科研、提升稳定 | 副作用/风险：科学科研缺失严重
0_6_4_006,政策,科技,宗教,宗教专利建立，消耗：信仰、金钱 | 正面效果：建立宗教专利、增加收入 | 副作用/风险：市场专利缺失
0_6_4_007,政策,科技,宗教,宗教考试选拔，消耗：信仰、权威 | 正面效果：增加信徒人才、增强忠诚 | 副作用/风险：非信徒排斥严重
0_6_4_008,政策,科技,宗教,神职人才选拔，消耗：信仰、金钱 | 正面效果：增加神职人才、增强忠诚 | 副作用/风险：非信徒人才流失
0_6_4_009,政策,科技,宗教,信徒优先选拔，消耗：信仰、声量 | 正面效果：增加信徒人才、提升稳定 | 副作用/风险：非信徒排斥严重
0_6_4_010,政策,科技,宗教,宗教学院培养，消耗：信仰、金钱 | 正面效果：增加宗教人才、增强忠诚 | 副作用/风险：非信徒人才缺失严重
0_5_4_021,政策,社会,宗教,宗教迁移限制，消耗：信仰、权威 | 正面效果：控制信徒迁移、提升稳定 | 副作用/风险：非信徒迁移受限严重
0_5_4_022,政策,社会,宗教,信徒迁移优先，消耗：信仰、声量 | 正面效果：增强信徒迁移、提升控制 | 副作用/风险：非信徒迁移排斥
0_5_4_023,政策,社会,宗教,宗教区域人口绑定，消耗：信仰、声量 | 正面效果：增强宗教区域人口、提升控制 | 副作用/风险：非信徒流动性下降严重
0_5_4_024,政策,社会,宗教,宗教领地人口调配，消耗：信仰、金钱 | 正面效果：增强宗教领地人口、提升权威 | 副作用/风险：非信徒反抗
0_5_4_025,政策,社会,宗教,信徒移民优先，消耗：信仰、声量 | 正面效果：增加信徒移民、提升稳定 | 副作用/风险：其他移民排斥严重
0_5_4_026,政策,社会,宗教,宗教移民控制，消耗：信仰、声量 | 正面效果：增强宗教移民控制、提升权威 | 副作用/风险：外部移民排斥
0_5_4_027,政策,社会,宗教,宗教领地移民限制，消耗：信仰、声量 | 正面效果：增强宗教领地移民、提升稳定 | 副作用/风险：外部移民排斥
0_5_4_028,政策,社会,宗教,宗教头衔授予，消耗：信仰、威望 | 正面效果：增强信徒忠诚、授予荣誉 | 副作用/风险：非信徒激进化
0_5_4_029,政策,社会,宗教,神职头衔授予，消耗：大量信仰、威望 | 正面效果：大幅增强神职忠诚、提升稳定 | 副作用/风险：非信徒激进化严重
0_5_4_030,政策,社会,宗教,宗教荣誉头衔授予，消耗：信仰、声量 | 正面效果：授予宗教荣誉、提升稳定 | 副作用/风险：非信徒激进化
0_5_4_031,政策,社会,宗教,宗教封地授予，消耗：大量信仰、威望 | 正面效果：大幅增强封地忠诚、提升稳定 | 副作用/风险：非信徒激进化严重
0_5_4_032,政策,社会,宗教,神职封地授予，消耗：大量信仰、声量 | 正面效果：增强神职封地、提升忠诚 | 副作用/风险：非信徒激进化严重
0_5_4_033,政策,社会,宗教,信徒阶级固定，消耗：大量信仰、声量 | 正面效果：固定信徒阶级、大幅提升稳定 | 副作用/风险：非信徒阶级激进化严重
0_5_4_034,政策,社会,宗教,宗教阶级管理，消耗：信仰、声量 | 正面效果：增强宗教阶级、提升权威 | 副作用/风险：非信徒阶级激进化严重
0_5_4_035,政策,社会,宗教,神职特权阶级确立，消耗：大量信仰、声量 | 正面效果：确立神职特权阶级、大幅提升稳定 | 副作用/风险：非信徒阶级激进化严重
0_5_4_036,政策,社会,宗教,宗教福利建立，消耗：信仰、金钱 | 正面效果：增强信徒福利、提升忠诚 | 副作用/风险：非信徒福利缺失
0_5_4_037,政策,社会,宗教,神职福利建立，消耗：信仰、金钱 | 正面效果：增强神职福利、提升稳定 | 副作用/风险：非信徒福利缺失
0_5_4_038,政策,社会,宗教,宗教养老福利，消耗：信仰、金钱 | 正面效果：增强宗教养老、提升忠诚 | 副作用/风险：非信徒养老缺失严重
0_5_4_039,政策,社会,宗教,神职养老福利，消耗：信仰、金钱 | 正面效果：增强神职养老、提升稳定 | 副作用/风险：非信徒养老缺失
0_5_4_040,政策,社会,宗教,宗教公民权法案，消耗：信仰、权威 | 正面效果：增强信徒权利、提升稳定 | 副作用/风险：非信徒权利缺失严重
0_5_4_041,政策,社会,宗教,神职公民权制度，消耗：大量信仰、声量 | 正面效果：建立神职公民权、提升权威 | 副作用/风险：非信徒公民权缺失严重
0_5_4_042,政策,社会,宗教,信徒公民权特权，消耗：信仰、声量 | 正面效果：授予信徒公民权、提升稳定 | 副作用/风险：非信徒公民权缺失严重
0_5_4_043,政策,社会,宗教,宗教特权公民权，消耗：大量信仰、声量 | 正面效果：授予宗教特权公民权、大幅提升权威 | 副作用/风险：非信徒公民权缺失严重
0_2_5_001,政策,军事,独裁,个人征召令，消耗：权威、金钱 | 正面效果：加快动员速度、增强个人控制 | 副作用/风险：激进化上升
0_2_5_002,政策,军事,独裁,私人军队建立，消耗：大量权威、金钱 | 正面效果：增加私人军队规模、增强忠诚 | 副作用/风险：成本持续消耗
0_2_5_003,政策,军事,独裁,领袖征召动员，消耗：权威、声量 | 正面效果：增强领袖征召、提升个人权威 | 副作用/风险：底层激进化
0_2_5_004,政策,军事,独裁,私人卫队建立，消耗：大量权威、金钱 | 正面效果：大幅增强个人安全、提升忠诚 | 副作用/风险：成本持续消耗
0_2_5_005,政策,军事,独裁,个人战争动员，消耗：大量权威、金钱 | 正面效果：增强战争动员、提升个人权威 | 副作用/风险：底层激进化
0_2_5_006,政策,军事,独裁,秘密处决镇压，消耗：大量权威 | 正面效果：大幅降低动乱、增强控制 | 副作用/风险：人权争议严重、政变风险激增后下降
0_2_5_007,政策,军事,独裁,私人卫队镇压，消耗：权威、金钱 | 正面效果：降低动乱、增强领袖安全 | 副作用/风险：人权争议
0_2_5_008,政策,军事,独裁,强制秩序执行，消耗：权威、声量 | 正面效果：降低动乱、增强控制 | 副作用/风险：底层反抗
0_2_5_009,政策,军事,独裁,私人警察执法，消耗：权威、金钱 | 正面效果：降低动乱、增强领袖控制 | 副作用/风险：底层激进化
0_2_5_010,政策,军事,独裁,秘密清洗行动，消耗：大量权威 | 正面效果：消除异见、大幅增强控制 | 副作用/风险：社会恐怖严重、人才流失
0_2_5_011,政策,军事,独裁,军官个人任命，消耗：权威 | 正面效果：增强军队服从领袖 | 副作用/风险：专业能力下降
0_2_5_012,政策,军事,独裁,私人军官团建立，消耗：权威、金钱 | 正面效果：建立私人军官团、增强忠诚 | 副作用/风险：其他军官排斥
0_2_5_013,政策,军事,独裁,军官个人忠诚考核，消耗：权威 | 正面效果：筛选军官忠诚 | 副作用/风险：专业能力筛选缺失
0_2_5_014,政策,军事,独裁,军官个人特权授予，消耗：权威、声量 | 正面效果：授予军官特权、增强支持 | 副作用/风险：其他军官激进化
0_2_5_015,政策,军事,独裁,私人军官清洗，消耗：大量权威 | 正面效果：增强军队绝对忠诚 | 副作用/风险：军事能力下降、政变风险激增后下降
0_5_5_001,政策,社会,独裁,个人演讲广播，消耗：权威、声量 | 正面效果：增强个人声量、提升领袖崇拜 | 副作用/风险：持续成本消耗
0_5_5_002,政策,社会,独裁,极端个人崇拜建设，消耗：大量权威、声量 | 正面效果：大幅增强个人权威、提升群众崇拜 | 副作用/风险：领袖依赖危机严重
0_5_5_003,政策,社会,独裁,领袖形象塑造，消耗：权威、声量 | 正面效果：增强领袖形象、提升忠诚 | 副作用/风险：持续维护成本
0_5_5_004,政策,社会,独裁,领袖神圣化宣传，消耗：大量权威、声量 | 正面效果：增强领袖神圣性、提升崇拜 | 副作用/风险：知识分子激进化
0_5_5_005,政策,社会,独裁,领袖英雄叙事，消耗：权威、声量 | 正面效果：增强领袖历史叙事、提升崇拜 | 副作用/风险：知识分子争议
0_5_5_006,政策,社会,独裁,秘密处决异见派，消耗：大量权威 | 正面效果：消除异见派 | 副作用/风险：社会恐怖严重、人权争议严重
0_5_5_007,政策,社会,独裁,异见派公开审判，消耗：权威、声量 | 正面效果：审判异见、增强威慑 | 副作用/风险：程序争议、社会恐怖
0_5_5_008,政策,社会,独裁,领袖审查令，消耗：权威 | 正面效果：控制舆论、压制异见 | 副作用/风险：知识分子激进化
0_5_5_009,政策,社会,独裁,异见思想禁令，消耗：权威、声量 | 正面效果：禁止异见思想、增强控制 | 副作用/风险：知识分子激进化严重
0_5_5_010,政策,社会,独裁,秘密审判异见，消耗：权威、声量 | 正面效果：处理异见、增强领袖威慑 | 副作用/风险：程序正义缺失严重
0_5_5_011,政策,社会,独裁,领袖媒体垄断，消耗：权威、金钱 | 正面效果：控制领袖信息、增强控制 | 副作用/风险：信息闭塞严重
0_5_5_012,政策,社会,独裁,领袖广播建立，消耗：权威、金钱 | 正面效果：增强领袖广播传播 | 副作用/风险：其他信息受阻
0_5_5_013,政策,社会,独裁,领袖信息控制，消耗：权威、声量 | 正面效果：控制信息、维护领袖纯洁 | 副作用/风险：外部信息隔绝
0_5_5_014,政策,社会,独裁,领袖网络管控，消耗：权威、金钱 | 正面效果：控制网络、增强领袖信息传播 | 副作用/风险：技术发展下降
0_5_5_015,政策,社会,独裁,领袖出版物管制，消耗：权威、声量 | 正面效果：控制出版、增强领袖内容传播 | 副作用/风险：文化产出下降
0_5_5_016,政策,社会,独裁,领袖思想教育，消耗：大量权威、金钱 | 正面效果：推行领袖思想教育、增强忠诚 | 副作用/风险：科学教育缺失严重
0_5_5_017,政策,社会,独裁,领袖学校建立，消耗：权威、金钱 | 正面效果：建立领袖学校、培养忠诚 | 副作用/风险：普通教育缺失
0_5_5_018,政策,社会,独裁,领袖教材编写，消耗：权威、声量 | 正面效果：控制教材、培养青年忠诚 | 副作用/风险：科学内容缺失严重
0_5_5_019,政策,社会,独裁,领袖崇拜教育，消耗：权威、金钱 | 正面效果：推行崇拜教育、增强领袖忠诚 | 副作用/风险：批判思维缺失严重
0_5_5_020,政策,社会,独裁,领袖经典教育，消耗：权威、声量 | 正面效果：推行经典教育、增强忠诚 | 副作用/风险：科学教育滞后
0_1_5_001,政策,产业,独裁,领袖家族控制产业，消耗：大量权威、金钱 | 正面效果：增加领袖收入、增强个人控制 | 副作用/风险：市场效率下降严重
0_1_5_002,政策,产业,独裁,领袖产业建立，消耗：权威、金钱 | 正面效果：增加领袖产业规模、增加收入 | 副作用/风险：市场效率下降
0_1_5_003,政策,产业,独裁,领袖贸易控制，消耗：权威、金钱 | 正面效果：控制贸易、增加领袖收入 | 副作用/风险：贸易量下降严重
0_1_5_004,政策,产业,独裁,领袖商业特许，消耗：权威、声量 | 正面效果：授予领袖商业特许、增加收入 | 副作用/风险：其他商业排斥
0_1_5_005,政策,产业,独裁,领袖垄断建立，消耗：大量权威、金钱 | 正面效果：建立领袖垄断、大幅增加收入 | 副作用/风险：市场活力下降严重
0_4_5_001,政策,国库财政,独裁,领袖税征收，消耗：权威 | 正面效果：增加领袖收入 | 副作用/风险：底层激进化严重
0_4_5_002,政策,国库财政,独裁,领袖贡赋征收，消耗：权威、声量 | 正面效果：增加领袖收入、增强个人贡献 | 副作用/风险：底层反抗
0_4_5_003,政策,国库财政,独裁,领袖财富分配，消耗：权威、金钱 | 正面效果：增加领袖财富、获得忠诚者支持 | 副作用/风险：底层财富流失严重
0_4_5_004,政策,国库财政,独裁,领袖慈善建立，消耗：权威、金钱 | 正面效果：建立领袖慈善、增强忠诚 | 副作用/风险：底层实际受益有限
0_4_5_005,政策,国库财政,独裁,领袖财富保护，消耗：权威、声量 | 正面效果：保护领袖财富、提升稳定 | 副作用/风险：底层财富下降
0_1_5_006,政策,产业,独裁,领袖劳动力调配，消耗：权威、声量 | 正面效果：增强领袖劳动力、提升控制 | 副作用/风险：底层劳动力排斥
0_1_5_007,政策,产业,独裁,强制劳动征调，消耗：大量权威 | 正面效果：增加领袖劳动力 | 副作用/风险：工人反抗严重
0_1_5_008,政策,产业,独裁,领袖劳动力绑定，消耗：权威、声量 | 正面效果：绑定劳动力、提升稳定 | 副作用/风险：底层流动性下降严重
0_1_5_009,政策,产业,独裁,领袖产业劳动力管理，消耗：权威、声量 | 正面效果：增强领袖产业劳动力、提升控制 | 副作用/风险：底层激进化
0_1_5_010,政策,产业,独裁,领袖物资征调，消耗：权威、金钱 | 正面效果：增加领袖物资、增强动员 | 副作用/风险：消费品短缺
0_0_5_001,政策,市场,独裁,扩大商品存储上限，消耗：个人权、金钱 | 正面效果：扩大领袖商品存储上限、增强领袖物资储备 | 副作用/风险：存在失败率；失败导致政变风险激增或底层激进化严重
0_4_5_006,政策,国库财政,独裁,产业亏损补贴，消耗：个人权、大量金钱 | 正面效果：设定阈值自动触发领袖财政补贴、稳定领袖产业 | 副作用/风险：财政赤字极严重、领袖家族产业优先、底层税负激增
0_0_5_002,政策,市场,独裁,国家投行化，消耗：大量个人权、金钱 | 正面效果：领袖家族注资银行业、大幅提升信贷额度与领袖投资速度 | 副作用/风险：市场活力消失、金融完全垄断、领袖家族控制金融
0_0_5_003,政策,市场,独裁,信贷优先级干预，消耗：个人权、声量 | 正面效果：设置银行业投资偏好（强制优先领袖产业/私人军工） | 副作用/风险：消费品产业信贷彻底消失、民用产业严重受损
0_2_5_016,政策,军事,独裁,军工价格折扣政策，消耗：个人权、金钱 | 正面效果：领袖强制降低武器单价、私人军工服从领袖指令 | 副作用/风险：军工厂商无利润、厂商规模由领袖指令决定、政变风险
0_0_5_004,政策,市场,独裁,战略储备市场管理，消耗：个人权、金钱 | 正面效果：投入市场：供<求时释放缺口赚取领袖利润；直接丢弃：领袖指令销毁库存 | 副作用/风险：投入市场由领袖控制价格；丢弃可人为制造稀缺强化领袖控制
0_7_5_001,政策,外交,独裁,个人外交声明，消耗：权威、威望 | 正面效果：增强领袖外交、提升个人控制 | 副作用/风险：外交冲突风险
0_7_5_002,政策,外交,独裁,领袖外交网络建立，消耗：权威、威望 | 正面效果：建立领袖外交网络、增强支持 | 副作用/风险：外交成本持续消耗
0_7_5_003,政策,外交,独裁,领袖同盟支持，消耗：权威、金钱 | 正面效果：增加领袖盟友、输出意识形态 | 副作用/风险：外交恶名上升
0_7_5_004,政策,外交,独裁,领袖国际参与，消耗：权威、声量 | 正面效果：增强国际领袖影响、提升信誉 | 副作用/风险：国际义务
0_7_5_005,政策,外交,独裁,领袖外交联盟建立，消耗：大量权威、威望 | 正面效果：建立领袖外交联盟、增强支持 | 副作用/风险：外交冲突风险
0_8_5_001,政策,情报,独裁,领袖渗透输出，消耗：权威、声量 | 正面效果：增强领袖影响、传播意识形态 | 副作用/风险：外交恶名上升
0_8_5_002,政策,情报,独裁,私人情报网建立，消耗：权威、金钱 | 正面效果：增强领袖情报、提升隐蔽性 | 副作用/风险：维护成本持续消耗
0_8_5_003,政策,情报,独裁,领袖政变策划，消耗：大量权威、威望 | 正面效果：大幅提高目标国政权变更概率 | 副作用/风险：曝光风险严重
0_8_5_004,政策,情报,独裁,领袖地下组织建立，消耗：权威、金钱 | 正面效果：建立长期渗透、增强隐蔽性 | 副作用/风险：维护成本持续消耗
0_8_5_005,政策,情报,独裁,领袖技术窃取，消耗：权威、金钱 | 正面效果：提高技术获取概率 | 副作用/风险：曝光风险、恶名上升
0_7_5_006,政策,外交,独裁,领袖从属国建立，消耗：大量权威、威望 | 正面效果：增加领袖从属国、增强控制 | 副作用/风险：管理成本上升
0_7_5_007,政策,外交,独裁,领袖势力范围声明，消耗：大量权威、威望 | 正面效果：扩展势力范围、增强控制 | 副作用/风险：外交冲突风险严重
0_7_5_008,政策,外交,独裁,领袖傀儡国建立，消耗：大量权威、威望 | 正面效果：增加领袖傀儡国、增加收入 | 副作用/风险：傀儡叛乱风险
0_7_5_009,政策,外交,独裁,领袖殖民地管理，消耗：权威、声量 | 正面效果：增加领袖殖民收入 | 副作用/风险：管理成本上升
0_7_5_010,政策,外交,独裁,领袖区域控制，消耗：权威、声量 | 正面效果：增强区域控制、传播领袖影响 | 副作用/风险：区域反抗
0_6_5_001,政策,科技,独裁,领袖需求导向科研，消耗：权威、金钱 | 正面效果：增强领袖需求科研 | 副作用/风险：其他领域滞后严重
0_6_5_002,政策,科技,独裁,领袖需求优先科研，消耗：权威、金钱 | 正面效果：增强领袖需求科研、提升效率 | 副作用/风险：科学科研滞后
0_6_5_003,政策,科技,独裁,领袖科研机构建立，消耗：权威、金钱 | 正面效果：增强领袖科研、提升权威 | 副作用/风险：市场科研缺失
0_6_5_004,政策,科技,独裁,领袖科研集中，消耗：大量权威、金钱 | 正面效果：提升科研效率、增强领袖控制 | 副作用/风险：市场创新下降严重
0_6_5_005,政策,科技,独裁,领袖科研资助，消耗：权威、金钱 | 正面效果：增强领袖科研、提升稳定 | 副作用/风险：科学科研缺失
0_6_5_006,政策,科技,独裁,领袖专利建立，消耗：权威、金钱 | 正面效果：建立领袖专利、增加收入 | 副作用/风险：市场专利缺失
0_6_5_007,政策,科技,独裁,领袖任命选拔，消耗：权威 | 正面效果：增强人才服从领袖 | 副作用/风险：专业能力下降严重
0_6_5_008,政策,科技,独裁,领袖人才选拔，消耗：权威、金钱 | 正面效果：增加领袖人才、增强忠诚 | 副作用/风险：底层人才流失
0_6_5_009,政策,科技,独裁,忠诚者优先选拔，消耗：权威、声量 | 正面效果：增加忠诚人才、提升稳定 | 副作用/风险：底层人才排斥
0_6_5_010,政策,科技,独裁,领袖学院培养，消耗：权威、金钱 | 正面效果：增加领袖人才、增强忠诚 | 副作用/风险：底层人才缺失严重
0_5_5_021,政策,社会,独裁,强制迁移令，消耗：大量权威 | 正面效果：增强领袖迁移控制 | 副作用/风险：迁移反抗严重
0_5_5_022,政策,社会,独裁,领袖迁移控制，消耗：权威、声量 | 正面效果：增强领袖迁移控制、提升稳定 | 副作用/风险：流动性下降
0_5_5_023,政策,社会,独裁,领袖区域人口绑定，消耗：权威、声量 | 正面效果：增强领袖区域人口、提升控制 | 副作用/风险：底层流动性下降严重
0_5_5_024,政策,社会,独裁,领袖领地人口调配，消耗：大量权威、金钱 | 正面效果：增强领袖领地人口、提升权威 | 副作用/风险：底层反抗
0_5_5_025,政策,社会,独裁,忠诚移民优先，消耗：权威、声量 | 正面效果：增加忠诚移民、提升稳定 | 副作用/风险：其他移民排斥
0_5_5_026,政策,社会,独裁,领袖移民控制，消耗：权威、声量 | 正面效果：增强领袖移民控制、提升权威 | 副作用/风险：外部移民排斥
0_5_5_027,政策,社会,独裁,领袖领地移民限制，消耗：权威、声量 | 正面效果：增强领袖领地移民、提升稳定 | 副作用/风险：外部移民排斥
0_5_5_028,政策,社会,独裁,领袖头衔授予，消耗：权威、威望 | 正面效果：增强领袖权威、提升忠诚 | 副作用/风险：其他阶层激进化
0_5_5_029,政策,社会,独裁,领袖荣誉头衔授予，消耗：权威、声量 | 正面效果：授予领袖荣誉、提升稳定 | 副作用/风险：其他阶层激进化
0_5_5_030,政策,社会,独裁,领袖特权头衔授予，消耗：权威、声量 | 正面效果：授予领袖特权、提升稳定 | 副作用/风险：其他阶层激进化严重
0_5_5_031,政策,社会,独裁,领袖封地授予，消耗：大量权威、威望 | 正面效果：增强封地忠诚、提升稳定 | 副作用/风险：其他阶层激进化严重
0_5_5_032,政策,社会,独裁,忠诚封地授予，消耗：大量权威、声量 | 正面效果：增强忠诚封地、提升忠诚 | 副作用/风险：其他阶层激进化严重
0_5_5_033,政策,社会,独裁,领袖阶级固定，消耗：权威、声量 | 正面效果：固定领袖阶级、提升稳定 | 副作用/风险：底层阶级激进化严重
0_5_5_034,政策,社会,独裁,领袖阶级管理，消耗：权威、声量 | 正面效果：增强领袖阶级、提升权威 | 副作用/风险：底层阶级激进化
0_5_5_035,政策,社会,独裁,领袖特权阶级确立，消耗：大量权威、声量 | 正面效果：确立领袖特权阶级、大幅提升稳定 | 副作用/风险：底层阶级激进化严重
0_5_5_036,政策,社会,独裁,领袖福利建立，消耗：权威、金钱 | 正面效果：建立领袖福利、增强忠诚 | 副作用/风险：其他福利缺失
0_5_5_037,政策,社会,独裁,忠诚福利建立，消耗：权威、金钱 | 正面效果：建立忠诚福利、提升稳定 | 副作用/风险：其他福利缺失
0_5_5_038,政策,社会,独裁,领袖养老福利，消耗：权威、金钱 | 正面效果：建立领袖养老、增强忠诚 | 副作用/风险：其他养老缺失严重
0_5_5_039,政策,社会,独裁,忠诚养老福利，消耗：权威、金钱 | 正面效果：建立忠诚养老、提升稳定 | 副作用/风险：其他养老缺失
0_5_5_040,政策,社会,独裁,领袖公民权制度，消耗：权威 | 正面效果：建立领袖公民权 | 副作用/风险：其他公民权缺失严重
0_5_5_041,政策,社会,独裁,忠诚公民权制度，消耗：权威、声量 | 正面效果：建立忠诚公民权、提升权威 | 副作用/风险：其他公民权缺失严重
0_5_5_042,政策,社会,独裁,领袖公民权特权，消耗：权威、声量 | 正面效果：授予领袖公民权、提升稳定 | 副作用/风险：其他公民权缺失
0_5_5_043,政策,社会,独裁,领袖特权公民权，消耗：大量权威、声量 | 正面效果：授予领袖特权公民权、大幅提升权威 | 副作用/风险：其他公民权缺失严重
0_2_6_001,政策,军事,中立,技术动员，消耗：金钱、声量 | 正面效果：提升技术动员效率、增强整体效率 | 副作用/风险：激进派风险上升
0_2_6_002,政策,军事,中立,职业动员制度，消耗：金钱、少量声量 | 正面效果：提升职业动员效率、增强公平性 | 副作用/风险：政治忠诚不保证
0_2_6_003,政策,军事,中立,预备役激活，消耗：金钱 | 正面效果：大幅增加兵源、加快动员速度 | 副作用/风险：预备役训练滞后
0_2_6_004,政策,军事,中立,技术战争动员，消耗：大量金钱、声量 | 正面效果：提升战争动员效率、增强技术效率 | 副作用/风险：激进派风险上升
0_2_6_005,政策,军事,中立,职业军队建立，消耗：金钱、声量 | 正面效果：增加职业军队规模、提升效率 | 副作用/风险：成本持续消耗
0_2_6_006,政策,军事,中立,警察执法，消耗：少量金钱、声量 | 正面效果：降低动乱、提升稳定 | 副作用/风险：执法成本上升
0_2_6_007,政策,军事,中立,司法程序处理，消耗：金钱 | 正面效果：依法处理激进派、维护法治 | 副作用/风险：处理周期长、效率低
0_2_6_008,政策,军事,中立,紧急状态声明，消耗：声量、少量权威 | 正面效果：控制动乱、提升稳定 | 副作用/风险：民权临时下降、各方监督
0_2_6_009,政策,军事,中立,技术秩序执行，消耗：金钱、声量 | 正面效果：降低动乱、建立技术秩序 | 副作用/风险：执法成本上升
0_2_6_010,政策,军事,中立,程序正义镇压，消耗：金钱、声量 | 正面效果：降低动乱、维护程序正义 | 副作用/风险：处理周期长
0_2_6_011,政策,军事,中立,职业晋升制度，消耗：金钱、少量声量 | 正面效果：提升军队效率、增强公平性 | 副作用/风险：政治忠诚不保证
0_2_6_012,政策,军事,中立,技术军官任命，消耗：金钱、声量 | 正面效果：增加技术军官、提升效率 | 副作用/风险：政治忠诚不保证
0_2_6_013,政策,军事,中立,职业军官考核，消耗：金钱 | 正面效果：筛选军官效率 | 副作用/风险：政治忠诚筛选缺失
0_2_6_014,政策,军事,中立,技术军官特权授予，消耗：金钱、少量声量 | 正面效果：授予技术军官特权、增强支持 | 副作用/风险：其他军官激进化
0_2_6_015,政策,军事,中立,技术军官团建立，消耗：金钱、声量 | 正面效果：建立技术军官团、提升效率 | 副作用/风险：其他军官排斥
0_5_6_001,政策,社会,中立,公共信息发布，消耗：金钱、声量 | 正面效果：增强信息透明度、提升信任 | 副作用/风险：反对派发声机会增加
0_5_6_002,政策,社会,中立,技术专家形象，消耗：声量、金钱 | 正面效果：提升技术声量、增强信任 | 副作用/风险：政治魅力缺失
0_5_6_003,政策,社会,中立,中立价值观宣传，消耗：声量、少量金钱 | 正面效果：提升中立主义声量、增强稳定 | 副作用/风险：各派激进化
0_5_6_004,政策,社会,中立,学术历史叙事，消耗：声量、金钱 | 正面效果：增强学术中立性、提升信任 | 副作用/风险：政治叙事缺失
0_5_6_005,政策,社会,中立,技术成果宣传，消耗：声量、金钱 | 正面效果：提升技术声量、增强信任 | 副作用/风险：政治宣传缺失
0_5_6_006,政策,社会,中立,行政程序处理异见，消耗：金钱、声量 | 正面效果：维护程序正义、提升稳定 | 副作用/风险：处理周期长
0_5_6_007,政策,社会,中立,司法程序处理，消耗：金钱 | 正面效果：维护法治、增强程序正义 | 副作用/风险：处理周期长、效率低
0_5_6_008,政策,社会,中立,听证会制度，消耗：声量、金钱 | 正面效果：增强公众监督、提升透明度 | 副作用/风险：时间成本高
0_5_6_009,政策,社会,中立,公民申诉通道，消耗：金钱 | 正面效果：保障公民权利、提升满意度 | 副作用/风险：处理量大
0_5_6_010,政策,社会,中立,异见合法化，消耗：声量 | 正面效果：增强政治包容、降低激进派 | 副作用/风险：主流价值观冲击
0_5_6_011,政策,社会,中立,自由媒体政策，消耗：少量声量 | 正面效果：增强信息流通、保障公民知情权 | 副作用/风险：舆论失控风险、反对派发声
0_5_6_012,政策,社会,中立,公共广播建立，消耗：金钱 | 正面效果：增强公众信息传播、提升透明度 | 副作用/风险：政府声音竞争下降
0_5_6_013,政策,社会,中立,媒体透明法案，消耗：声量 | 正面效果：提升媒体诚信、减少虚假信息 | 副作用/风险：媒体成本上升
0_5_6_014,政策,社会,中立,技术信息发布，消耗：金钱、少量声量 | 正面效果：增强技术信息传播、提升透明度 | 副作用/风险：政治信息竞争
0_5_6_015,政策,社会,中立,中立信息控制，消耗：声量、金钱 | 正面效果：控制信息、维护中立纯洁 | 副作用/风险：政治信息缺失
0_5_6_016,政策,社会,中立,普通教育建立，消耗：金钱、声量 | 正面效果：普及教育、提升人口素质 | 副作用/风险：意识形态教育缺失
0_5_6_017,政策,社会,中立,技术教育建立，消耗：金钱、少量声量 | 正面效果：增强技术教育、提升效率 | 副作用/风险：普通教育缺失
0_5_6_018,政策,社会,中立,技术教材编写，消耗：金钱、少量声量 | 正面效果：编写技术教材、提升效率 | 副作用/风险：意识形态内容缺失
0_5_6_019,政策,社会,中立,中立教育改革，消耗：金钱、声量 | 正面效果：推行中立教育、提升稳定 | 副作用/风险：意识形态教育缺失
0_5_6_020,政策,社会,中立,职业教育推广，消耗：金钱、声量 | 正面效果：提升劳动力技能、增加就业 | 副作用/风险：技术导向单一
0_1_6_001,政策,产业,中立,混合所有制，消耗：金钱、声量 | 正面效果：提升市场效率、增强控制 | 副作用/风险：效率平衡风险
0_1_6_002,政策,产业,中立,市场监管法案，消耗：声量、金钱 | 正面效果：增强市场秩序、保护消费者 | 副作用/风险：企业成本上升、效率下降
0_1_6_003,政策,产业,中立,反垄断法案，消耗：声量、金钱 | 正面效果：增强市场竞争、削弱垄断 | 副作用/风险：大企业反对
0_1_6_004,政策,产业,中立,国家监管机构，消耗：金钱、少量声量 | 正面效果：提升监管效率、增强透明度 | 副作用/风险：行政成本上升
0_1_6_005,政策,产业,中立,私有化支持，消耗：声量 | 正面效果：提升市场活力、增强效率 | 副作用/风险：国家控制下降、风险上升
0_4_6_001,政策,国库财政,中立,中等税率制度，消耗：金钱、声量 | 正面效果：平衡财政、提升稳定 | 副作用/风险：富人不满、底层不满
0_4_6_002,政策,国库财政,中立,市场调节分配，消耗：声量、金钱 | 正面效果：提升市场效率、名义公平 | 副作用/风险：调节不足风险
0_4_6_003,政策,国库财政,中立,社会福利法案，消耗：大量金钱、声量 | 正面效果：提升底层满意度、降低激进度 | 副作用/风险：财政赤字
0_4_6_004,政策,国库财政,中立,技术财富分配，消耗：金钱、声量 | 正面效果：提升技术效率、增强稳定 | 副作用/风险：分配公平争议
0_4_6_005,政策,国库财政,中立,财富再分配计划，消耗：大量声量、少量权威 | 正面效果：增强底层支持、提升公平性 | 副作用/风险：资产阶级激进化
0_0_6_001,政策,市场,中立,自由贸易政策，消耗：声量、威望 | 正面效果：大幅增加贸易量、促进经济增长 | 副作用/风险：国内产业冲击、失业风险
0_0_6_002,政策,市场,中立,关税调节法案，消耗：声量、金钱 | 正面效果：保护产业、增加财政收入 | 副作用/风险：贸易量下降、效率损失
0_0_6_003,政策,市场,中立,贸易协定谈判，消耗：声量、威望 | 正面效果：增加贸易伙伴、提升外交信誉 | 副作用/风险：谈判周期长
0_0_6_004,政策,市场,中立,市场开放法案，消耗：声量 | 正面效果：提升市场活力、吸引外资进入 | 副作用/风险：国内企业竞争压力
0_0_6_005,政策,市场,中立,技术贸易协定，消耗：声量、威望 | 正面效果：增强技术贸易、提升效率 | 副作用/风险：技术依赖风险
0_1_6_006,政策,产业,中立,自由劳动力调配，消耗：声量、金钱 | 正面效果：增强劳动力流动、提升效率 | 副作用/风险：稳定性下降
0_1_6_007,政策,产业,中立,技术劳动力调配，消耗：金钱、声量 | 正面效果：增强技术劳动力、提升效率 | 副作用/风险：其他劳动力排斥
0_1_6_008,政策,产业,中立,市场劳动力管理，消耗：声量、金钱 | 正面效果：增强市场劳动力、提升效率 | 副作用/风险：控制力下降
0_1_6_009,政策,产业,中立,职业劳动力培训，消耗：金钱、少量声量 | 正面效果：提升劳动力技能、增加就业 | 副作用/风险：培训成本上升
0_1_6_010,政策,产业,中立,技术产业劳动力管理，消耗：金钱、少量声量 | 正面效果：增强技术产业劳动力、提升效率 | 副作用/风险：其他产业劳动力排斥
0_0_6_006,政策,市场,中立,扩大商品存储上限，消耗：金钱、声量 | 正面效果：扩大战略商品存储上限、增强物资储备 | 副作用/风险：存在失败率；失败导致技术委员会争议或各方激进化
0_4_6_006,政策,国库财政,中立,产业亏损补贴，消耗：金钱、声量 | 正面效果：设定阈值自动触发国家财政补贴、稳定关键产业 | 副作用/风险：财政赤字、技术委员会审查周期、市场效率下降
0_0_6_007,政策,市场,中立,国家投行化，消耗：金钱、声量 | 正面效果：国家注资银行业、提升信贷额度与投资速度 | 副作用/风险：市场争议、技术委员会审查、金融控制力上升
0_0_6_008,政策,市场,中立,信贷优先级干预，消耗：声量、金钱 | 正面效果：设置银行业投资偏好（技术委员会协商） | 副作用/风险：消费品产业信贷波动、市场效率平衡风险、各方协商周期
0_2_6_016,政策,军事,中立,军工价格折扣政策，消耗：金钱、声量 | 正面效果：降低国家购买武器单价、节省军费开支 | 副作用/风险：军工厂商利润削减、厂商可能缩减规模、技术委员会审查
0_0_6_009,政策,市场,中立,战略储备市场管理，消耗：金钱、声量 | 正面效果：投入市场：供<求时释放缺口赚取利润；直接丢弃：技术委员会批准销毁库存 | 副作用/风险：投入市场可能引发价格波动争议；丢弃需技术委员会程序周期
0_7_6_001,政策,外交,中立,技术外交，消耗：声量、威望 | 正面效果：增强技术外交、提升中立信誉 | 副作用/风险：外交影响力弱
0_7_6_002,政策,外交,中立,中立外交声明，消耗：声量、威望 | 正面效果：提升中立信誉、增强外交灵活性 | 副作用/风险：外交影响力弱
0_7_6_003,政策,外交,中立,国际组织参与，消耗：声量、威望 | 正面效果：提升国际信誉、增加外交点数 | 副作用/风险：国际义务、自主性下降
0_7_6_004,政策,外交,中立,外交援助计划，消耗：大量金钱、声量 | 正面效果：增强外交支持、巩固盟友关系 | 副作用/风险：财政消耗
0_7_6_005,政策,外交,中立,技术合作同盟，消耗：声量、威望 | 正面效果：建立技术同盟、提升科研 | 副作用/风险：同盟义务
0_8_6_001,政策,情报,中立,技术情报交换，消耗：声量、金钱 | 正面效果：获取技术、增强情报共享 | 副作用/风险：依赖外部、保密风险
0_8_6_002,政策,情报,中立,外交情报收集，消耗：金钱、少量声量 | 正面效果：增强外交情报、提升能见度 | 副作用/风险：合法性争议
0_8_6_003,政策,情报,中立,技术情报网络，消耗：金钱、声量 | 正面效果：增强技术情报、提升隐蔽性 | 副作用/风险：曝光风险
0_8_6_004,政策,情报,中立,学术情报收集，消耗：金钱、少量声量 | 正面效果：增强学术情报、提升信誉 | 副作用/风险：保密风险
0_8_6_005,政策,情报,中立,合法渗透授权，消耗：声量、金钱 | 正面效果：实施合法渗透、增强外交支持 | 副作用/风险：曝光风险
0_7_6_006,政策,外交,中立,经济同盟建立，消耗：声量、威望 | 正面效果：增强经济影响力、获得同盟收益 | 副作用/风险：同盟义务、财政支出
0_7_6_007,政策,外交,中立,技术同盟建立，消耗：声量、金钱 | 正面效果：建立技术同盟、提升科研效率 | 副作用/风险：技术共享风险
0_7_6_008,政策,外交,中立,学术交流外交，消耗：声量、金钱 | 正面效果：增强学术外交、提升信誉 | 副作用/风险：外交影响力弱
0_7_6_009,政策,外交,中立,中立势力范围，消耗：声量、威望 | 正面效果：扩展势力范围、提升中立信誉 | 副作用/风险：势力范围影响力弱
0_6_6_001,政策,科技,中立,技术需求导向科研，消耗：金钱、声量 | 正面效果：增强技术科研、提升效率 | 副作用/风险：国家战略滞后
0_6_6_002,政策,科技,中立,市场需求导向科研，消耗：声量、金钱 | 正面效果：增强市场适应、提升效率 | 副作用/风险：国家战略科研滞后
0_6_6_003,政策,科技,中立,技术科研机构建立，消耗：金钱、声量 | 正面效果：增强技术科研、提升权威 | 副作用/风险：市场科研缺失
0_6_6_004,政策,科技,中立,技术科研加成，消耗：金钱、声量 | 正面效果：提升科研效率、增强中立性 | 副作用/风险：控制力弱
0_6_6_005,政策,科技,中立,技术科研集中，消耗：金钱、声量 | 正面效果：提升科研效率、增强技术控制 | 副作用/风险：市场创新下降
0_6_6_006,政策,科技,中立,技术科研资助，消耗：金钱、声量 | 正面效果：增强技术科研、提升稳定 | 副作用/风险：科学科研缺失
0_6_6_007,政策,科技,中立,技术专利建立，消耗：金钱、声量 | 正面效果：建立技术专利、增加收入 | 副作用/风险：市场专利缺失
0_6_6_008,政策,科技,中立,学术自由科研，消耗：声量 | 正面效果：增强学术自由、提升创新 | 副作用/风险：国家战略滞后
0_6_6_009,政策,科技,中立,技术考试选拔，消耗：声量、金钱 | 正面效果：增加技术人才、增强公平 | 副作用/风险：政治忠诚不保证
0_6_6_010,政策,科技,中立,市场竞争选拔，消耗：金钱 | 正面效果：提升人才效率、增强公平性 | 副作用/风险：政治忠诚不保证
0_6_6_011,政策,科技,中立,公开考试选拔，消耗：声量、金钱 | 正面效果：增强公平性、提升透明度 | 副作用/风险：选拔周期长
0_6_6_012,政策,科技,中立,技术人才选拔，消耗：声量、金钱 | 正面效果：增加技术人才、提升效率 | 副作用/风险：政治忠诚不保证
0_6_6_013,政策,科技,中立,学术自由保护，消耗：声量 | 正面效果：增强学术创新、获得知识分子支持 | 副作用/风险：政治审查缺失
0_5_6_021,政策,社会,中立,自由迁移政策，消耗：少量声量 | 正面效果：增强流动性、提升效率 | 副作用/风险：稳定性下降
0_5_6_022,政策,社会,中立,技术迁移调配，消耗：金钱、声量 | 正面效果：增强技术迁移、提升效率 | 副作用/风险：其他迁移排斥
0_5_6_023,政策,社会,中立,市场迁移管理，消耗：声量、金钱 | 正面效果：增强市场迁移、提升效率 | 副作用/风险：控制力下降
0_5_6_024,政策,社会,中立,中立区域人口管理，消耗：金钱、少量声量 | 正面效果：增强区域人口、提升稳定 | 副作用/风险：流动性下降
0_5_6_025,政策,社会,中立,技术区域人口绑定，消耗：金钱、声量 | 正面效果：增强技术区域人口、提升控制 | 副作用/风险：其他区域流动性下降
0_5_6_026,政策,社会,中立,技术移民优先，消耗：声量、金钱 | 正面效果：增加技术人才、提升科研 | 副作用/风险：其他移民排斥
0_5_6_027,政策,社会,中立,自由移民政策，消耗：声量 | 正面效果：增强流动性、提升市场效率 | 副作用/风险：社会稳定性下降
0_5_6_028,政策,社会,中立,移民开放政策，消耗：声量、金钱 | 正面效果：增加劳动力、促进经济活力 | 副作用/风险：社会融合风险
0_5_6_029,政策,社会,中立,难民接纳计划，消耗：声量、金钱 | 正面效果：提升国际声誉、增强人道主义 | 副作用/风险：社会成本、融合风险
0_5_6_030,政策,社会,中立,技术难民接纳，消耗：声量、金钱 | 正面效果：增加技术人才、提升科研 | 副作用/风险：其他难民排斥
0_5_6_031,政策,社会,中立,技术头衔授予，消耗：声量、威望 | 正面效果：授予技术荣誉、增强激励 | 副作用/风险：无实质权力
0_5_6_032,政策,社会,中立,公民荣誉授予，消耗：声量、威望 | 正面效果：增强公民忠诚、提升社会激励 | 副作用/风险：无实质权力
0_5_6_033,政策,社会,中立,功勋奖章颁发，消耗：声量、少量金钱 | 正面效果：增强社会激励、提升认同感 | 副作用/风险：无阶级特权
0_5_6_034,政策,社会,中立,杰出公民表彰，消耗：声量 | 正面效果：树立社会榜样、引导价值观 | 副作用/风险：其他公民羡慕
0_5_6_035,政策,社会,中立,技术功勋头衔授予，消耗：声量、威望 | 正面效果：授予技术功勋、增强激励 | 副作用/风险：无实质权力
0_5_6_036,政策,社会,中立,技术阶级管理，消耗：声量、金钱 | 正面效果：增强技术阶级、提升效率 | 副作用/风险：其他阶级激进化
0_5_6_037,政策,社会,中立,中立阶级管理，消耗：声量、金钱 | 正面效果：增强中立阶级、提升稳定 | 副作用/风险：各派激进化
0_5_6_038,政策,社会,中立,市场阶级管理，消耗：声量、少量金钱 | 正面效果：增强市场阶级、提升效率 | 副作用/风险：控制力下降
0_5_6_039,政策,社会,中立,技术特权阶级确立，消耗：声量、金钱 | 正面效果：确立技术特权阶级、提升稳定 | 副作用/风险：其他阶级激进化
0_5_6_040,政策,社会,中立,技术福利建立，消耗：金钱、声量 | 正面效果：建立技术福利、提升稳定 | 副作用/风险：其他福利缺失
0_5_6_041,政策,社会,中立,全民福利计划，消耗：大量金钱、声量 | 正面效果：增强底层支持、降低激进度 | 副作用/风险：财政赤字、富人反对
0_5_6_042,政策,社会,中立,公共医疗保障，消耗：大量金钱、声量 | 正面效果：提升健康水平、增加满意度 | 副作用/风险：财政持续支出
0_5_6_043,政策,社会,中立,失业保险建立，消耗：金钱、声量 | 正面效果：增强社会稳定、获得工人支持 | 副作用/风险：失业率上升风险
0_5_6_044,政策,社会,中立,养老金法案，消耗：金钱、声量 | 正面效果：增强老年支持、提升稳定 | 副作用/风险：财政长期负担
0_5_6_045,政策,社会,中立,技术养老福利，消耗：金钱、声量 | 正面效果：建立技术养老、提升稳定 | 副作用/风险：其他养老缺失
0_5_6_046,政策,社会,中立,技术公民权制度，消耗：声量、少量权威 | 正面效果：建立技术公民权、提升稳定 | 副作用/风险：其他公民权缺失
0_5_6_047,政策,社会,中立,全公民权法案，消耗：大量声量、少量权威 | 正面效果：增强公民权利、提升满意度 | 副作用/风险：保守派激进化
0_5_6_048,政策,社会,中立,女性选举权法案，消耗：声量、金钱 | 正面效果：增强女性支持、提升民主声量 | 副作用/风险：保守派反对
0_5_6_049,政策,社会,中立,少数族裔权利法案，消耗：声量、少量权威 | 正面效果：增强少数族裔支持、促进多元文化 | 副作用/风险：民族主义激进化
0_5_6_050,政策,社会,中立,言论自由保障，消耗：声量 | 正面效果：增强公民自由、获得知识分子支持 | 副作用/风险：舆论失控风险
0_5_6_051,政策,社会,中立,技术公民权特权，消耗：声量、少量权威 | 正面效果：授予技术公民权、提升稳定 | 副作用/风险：其他公民权缺失